{"title": "В Минсельхозприроды состоялся экзамен на знание требований охотминимума", "time": 1634158800000, "version": "119317", "blocks": [{"id": "BNWuJhlbn2", "type": "header", "data": {"text": "В Минсельхозприроды состоялся экзамен на знание требований охотминимума", "level": 1}, "tunes": {"align": {"alignment": "left"}}}, {"id": "IEWQasklV", "type": "paragraph", "data": {"text": "В Минсельхозприроды состоялся экзамен на знание требований охотминимума"}, "tunes": {"align": {"alignment": "left"}}}, {"id": "IFkQUcV2Lp", "type": "paragraph", "data": {"text": "13 октября 2021 года в Министерстве сельского хозяйства и природных ресурсов Приднестровской Молдавской Республики прошел экзамен на знание требований охотничьего минимума для получения охотничьего билета."}, "tunes": {"align": {"alignment": "left"}}}, {"id": "CxDTuTaOHX", "type": "paragraph", "data": {"text": "Экзамен проводился профильной комиссией в установленном ранее порядке согласно Приказа от 6 июля 2020 года № 198 «Об утверждении порядка проведения экзамена на знание требований охотминимума». Экзаменационные вопросы были разделены на 2 части, включающие в себя разделы по технике безопасности, правилам охоты, охотничьей этике, статусу и биологии объектов животного мира."}, "tunes": {"align": {"alignment": "left"}}}, {"id": "cdkvShnQCV", "type": "paragraph", "data": {"text": "В экзамене принимали участие 10 кандидатов. Охотниками стали 6 человек. В течение 10 дней успешно сдавшим экзамен будут выданы охотничьи билеты. Кандидатам, не сдавшим экзамен, будет предоставлена возможность повторной сдачи экзамена на следующем заседании комиссии."}, "tunes": {"align": {"alignment": "left"}}}, {"id": "5LiIsQytwF", "type": "image", "data": {"file": {"url": "/api/next/images-worker.php?Material-UID=CtdYpazd6Y&Material-Image=1"}, "caption": "", "withBorder": false, "stretched": false, "withBackground": false}}, {"id": "YbNTLnyFnM", "type": "image", "data": {"file": {"url": "/api/next/images-worker.php?Material-UID=CtdYpazd6Y&Material-Image=2"}, "caption": "", "withBorder": false, "stretched": false, "withBackground": false}}, {"id": "PL8geedF", "type": "image", "data": {"file": {"url": "/api/next/images-worker.php?Material-UID=CtdYpazd6Y&Material-Image=3"}, "caption": "", "withBorder": false, "stretched": false, "withBackground": false}}]}