{"title": "В день кадрового работника", "time": 1633986000000, "version": "119317", "blocks": [{"id": "8IJfy6MoX3", "type": "header", "data": {"text": "В день кадрового работника", "level": 1}, "tunes": {"align": {"alignment": "left"}}}, {"id": "H7TgHLCd2E", "type": "paragraph", "data": {"text": "В день кадрового работника"}, "tunes": {"align": {"alignment": "left"}}}, {"id": "AUCliobaWH", "type": "paragraph", "data": {"text": "Сегодня, в профессиональный праздник кадрового работника ПМР, в Министерстве сельского хозяйства и природных ресурсов Приднестровья поздравляли работников кадровой службы. Заместителю начальника управления правового обеспечения, государственной службы и кадровой политики по вопросам государственной службы и кадровой политики Лилии Борисовне Немцу министр вручил государственную награду- медаль «За безупречную службу» I степени. Государственная награда вручена на основании Указа Президента Приднестровской Молдавской Республики - за многолетний и добросовестный труд высокий профессионализм и в связи с днем кадрового работника."}, "tunes": {"align": {"alignment": "left"}}}, {"id": "3ceNzbNvpS", "type": "paragraph", "data": {"text": "Ефимий Коваль от имени всего коллектива министерства поблагодарил Лилию Борисовну Немцу за добросовестную работу, выполняемую на протяжении многих лет, поздравил с государственной наградой, пожелал дальнейших успехов, здоровья и поздравил с профессиональным праздником."}, "tunes": {"align": {"alignment": "left"}}}, {"id": "SAQIHtwgVl", "type": "paragraph", "data": {"text": "Справочно: Немцу Лилия Борисовна службу в государственных органах республики начала с 1990 года в спецотделе пенитенциарного учреждения системы МВД ПМР."}, "tunes": {"align": {"alignment": "left"}}}, {"id": "y4YbYnShRN", "type": "paragraph", "data": {"text": "Свою работу в качестве работника кадровой службы начала с января 1993 года во вновь образованном Государственном комитете по статистике ПМР, в ведении которого находились 8 организаций. Это был период становления Приднестровья и ведению работы по обеспечению государственной кадровой политики ведомства ей пришлось учиться вместе со всей республикой."}, "tunes": {"align": {"alignment": "left"}}}, {"id": "omww0OBK21", "type": "paragraph", "data": {"text": "С января 2001 года поступила на работу в Министерство природных ресурсов и экологического контроля, в 2012 году реорганизованное в Министерство сельского хозяйства и природных ресурсов ПМР."}, "tunes": {"align": {"alignment": "left"}}}, {"id": "OqYBW2Rhy5", "type": "paragraph", "data": {"text": "За время работы Немцу Лилия Борисовна зарекомендовала себя как ответственный и добросовестный работник, обладающий хорошими организаторскими способностями и аналитическим складом ума. Досконально изучив действующее законодательство, регулирующее правоотношения между работодателем и работником, высокопрофессионально применяет свои знания на практике. Четко отработанная система кадровых мероприятий способствовала успешному проведению целого ряда ликвидаций, крупных реорганизаций и реструктуризаций ведомства в сфере кадровой компетенции."}, "tunes": {"align": {"alignment": "left"}}}, {"id": "Hcr62X5IlI", "type": "paragraph", "data": {"text": "Основным принципом ее работы является главенство закона. В результате непреклонного следования этому высокому принципу, за 27-летний период работы с кадрами, жалоб и обращений со стороны работников в органы по разрешению трудовых споров не поступало."}, "tunes": {"align": {"alignment": "left"}}}, {"id": "cYXAAidTH5", "type": "paragraph", "data": {"text": "Большим вниманием она относится к обращениям работников по вопросам трудовых отношений, государственной службы. Как правило, все вопросы в результате профессиональной консультации находят свое положительное решение."}, "tunes": {"align": {"alignment": "left"}}}, {"id": "7CDCOWHcdu", "type": "paragraph", "data": {"text": "Благодаря любви к своему делу, уважению к людям и большой отдаче в работе, Лилия Борисовна неоднократно поощрялась за трудовые заслуги."}, "tunes": {"align": {"alignment": "left"}}}, {"id": "WpFbtaftJY", "type": "paragraph", "data": {"text": "Была награждена Грамотой Президента Приднестровской Молдавской Республики, медалью «За безупречную службу» III степени, юбилейной медалью «20 лет Приднестровской Молдавской Республике», медалью «За трудовую доблесть», медалью «За безупречную службу» II степени, орденом «Трудовая Слава», юбилейной медалью «30 лет Приднестровской Молдавской Республике», в 2021 году - медалью «За безупречную службу» I степени."}, "tunes": {"align": {"alignment": "left"}}}, {"id": "quF4EPmAL", "type": "image", "data": {"file": {"url": "/api/next/images-worker.php?Material-UID=QuHHmVlX0g&Material-Image=1"}, "caption": "", "withBorder": false, "stretched": false, "withBackground": false}}, {"id": "z8S3nYfqCo", "type": "image", "data": {"file": {"url": "/api/next/images-worker.php?Material-UID=QuHHmVlX0g&Material-Image=2"}, "caption": "", "withBorder": false, "stretched": false, "withBackground": false}}]}