{"title": "Начало положено. Первые шаги к преображению «Колотовой балки»", "time": 1634677200000, "version": "119317", "blocks": [{"id": "LlnyupgUWE", "type": "header", "data": {"text": "Начало положено. Первые шаги к преображению «Колотовой балки»", "level": 1}, "tunes": {"align": {"alignment": "left"}}}, {"id": "L0x7o3KOV", "type": "paragraph", "data": {"text": "Начало положено. Первые шаги к преображению «Колкотовой балки»"}, "tunes": {"align": {"alignment": "left"}}}, {"id": "7zlQuYmfL0", "type": "paragraph", "data": {"text": "Сегодня на территории геологического памятника природы «Колкотовая балка» начали реализовывать первый этап перспективного плана развития памятника природы. Началась уборка мусора на территории памятника и прилегающей к нему территории. Мероприятие организует Минсельхозприроды, работу выполняет МУП «Спецавтохозяйство» г. Тирасполь в соответствии с заключенным с Минсельхозприроды договором на средства Республиканского экологического фонда. Уборка будет осуществляется сегодня и в ближайшие дни с учетом погодных условий."}, "tunes": {"align": {"alignment": "left"}}}, {"id": "UthHmBZzKI", "type": "paragraph", "data": {"text": "В рамках реализации первого этапа перспективного плана, в разработке которого помимо Минсельхозприроды приняли участие столичная администрация и ГУ «Агентство по туризму ПМР», будет проведен мониторинг территории и санитарные мероприятия. «Затем приступят к благоустройству территории, созданию инфраструктуры, к продвижению и развитию геологического памятника природы», – сообщила главный специалист управления лесных и охотничьих ресурсов министерства Александра Волохина. И, уточнила, что реализация планируемых мероприятий в первую очередь зависит от финансирования."}, "tunes": {"align": {"alignment": "left"}}}, {"id": "nmGQClJCPi", "type": "paragraph", "data": {"text": "Раскрывая детали плана отметим, что документом предусматривается проведение уборки несанкционированных свалок, которые существуют на прилегающей к памятнику территории, к чему сегодня и приступили. Кроме этого, в планах – развитие самого памятника, создание аншлагов и информационных стендов, организация охраны территории, разработка проектной документации. И, в перспективе – создание уникальной территории, обустроенной для посещения не только в научных целях, но и просветительских, в том числе и как достопримечательность нашей республики."}, "tunes": {"align": {"alignment": "left"}}}, {"id": "leFnSlb1ef", "type": "paragraph", "data": {"text": "«Изначально территория геологического памятника природы «Колкотовая балка» включала в себя всего 2 га, была взята под охрану Постановлением Совета Министров Молдавской ССР от 8 января 1975 года № 5. В последствии Постановлением Президиума Верховного Совета Приднестровской Молдавской Республики от 1 июня 1995 № 434 геологический разрез «Колкотовая балка» был объявлен памятником природы республиканского значения. Памятник природы расположен на северной окраине Тирасполя. В настоящее время его территория составляет 14 га."}, "tunes": {"align": {"alignment": "left"}}}, {"id": "KEGRkexi0f", "type": "paragraph", "data": {"text": "«Колкотовая балка» является опорным геологическим разрезом, имеющим мировое значение. Объект охраны – это разрез отложений плейстоценовой эпохи, который содержит ценный материал о животных, растениях и природной обстановке последних 700 тысяч лет», – пояснила Александра Волохина."}, "tunes": {"align": {"alignment": "left"}}}, {"id": "x4AACQCqX", "type": "image", "data": {"file": {"url": "/api/next/images-worker.php?Material-UID=EzvugvS5hZ&Material-Image=1"}, "caption": "", "withBorder": false, "stretched": false, "withBackground": false}}, {"id": "seo6Auj20B", "type": "image", "data": {"file": {"url": "/api/next/images-worker.php?Material-UID=EzvugvS5hZ&Material-Image=2"}, "caption": "", "withBorder": false, "stretched": false, "withBackground": false}}, {"id": "Y508dOLXH", "type": "image", "data": {"file": {"url": "/api/next/images-worker.php?Material-UID=EzvugvS5hZ&Material-Image=3"}, "caption": "", "withBorder": false, "stretched": false, "withBackground": false}}, {"id": "EG0DIthFOz", "type": "image", "data": {"file": {"url": "/api/next/images-worker.php?Material-UID=EzvugvS5hZ&Material-Image=4"}, "caption": "", "withBorder": false, "stretched": false, "withBackground": false}}, {"id": "fGUWoNBenb", "type": "image", "data": {"file": {"url": "/api/next/images-worker.php?Material-UID=EzvugvS5hZ&Material-Image=5"}, "caption": "", "withBorder": false, "stretched": false, "withBackground": false}}, {"id": "SNrklhdD8", "type": "image", "data": {"file": {"url": "/api/next/images-worker.php?Material-UID=EzvugvS5hZ&Material-Image=6"}, "caption": "", "withBorder": false, "stretched": false, "withBackground": false}}]}