{"title": "Метеорологические сведения первой декады октября", "time": 1634158800000, "version": "119317", "blocks": [{"id": "oqFjS2wGd", "type": "header", "data": {"text": "Метеорологические сведения первой декады октября", "level": 1}, "tunes": {"align": {"alignment": "left"}}}, {"id": "ChnCU7Q5Pm", "type": "paragraph", "data": {"text": "По сообщению Республиканского гидрометцентра в первой декаде октября наблюдалась прохладная погода, так как средние за декаду температуры воздуха оказалась на 3° ниже нормы. Среднесуточные температуры находились в интервале 8,4...9,9°, что на 2,5-2,6° ниже предыдущей декады. В ночные и в предутренние часы, в отдельные дни, минимальная температура воздуха опускалась до -1...-2°, на поверхности почвы и на высоте 2 см - до -1...-6°. С заморозками насчитывалось 2-9 дней."}, "tunes": {"align": {"alignment": "left"}}}, {"id": "AnFxXhVo41", "type": "paragraph", "data": {"text": "Дневные максимумы не превышали в воздухе: 19-22°, на поверхности почвы: 35-38°."}, "tunes": {"align": {"alignment": "left"}}}, {"id": "AldknM7V3E", "type": "paragraph", "data": {"text": "Продолжительность солнечного сияния за декаду составила 81-85 часов, что соответствует 71-75% возможной продолжительности."}, "tunes": {"align": {"alignment": "left"}}}, {"id": "OsSgPh340J", "type": "paragraph", "data": {"text": "На протяжении декады дождей не наблюдалось."}, "tunes": {"align": {"alignment": "left"}}}]}