{"title": "Наглядно. Развитие мелиорации в Приднестровье", "time": 1633640400000, "version": "119317", "blocks": [{"id": "ePn8yVZ0nq", "type": "header", "data": {"text": "Наглядно. Развитие мелиорации в Приднестровье", "level": 1}, "tunes": {"align": {"alignment": "left"}}}, {"id": "kzYGXbxhge", "type": "paragraph", "data": {"text": "Наглядно. Развитие мелиорации в Приднестровье"}, "tunes": {"align": {"alignment": "left"}}}, {"id": "iMkRkYDBU3", "type": "paragraph", "data": {"text": "Ремонтируемые объекты в 2021 году и планируемые к ремонту в 2022г."}, "tunes": {"align": {"alignment": "left"}}}, {"id": "e2Bwxe1vrd", "type": "image", "data": {"file": {"url": "/api/next/images-worker.php?Material-UID=nO7hIdLqNH&Material-Image=1"}, "caption": "", "withBorder": false, "stretched": false, "withBackground": false}}, {"id": "JtHbw7wpXa", "type": "image", "data": {"file": {"url": "/api/next/images-worker.php?Material-UID=nO7hIdLqNH&Material-Image=2"}, "caption": "", "withBorder": false, "stretched": false, "withBackground": false}}, {"id": "m3TzCfdrGn", "type": "image", "data": {"file": {"url": "/api/next/images-worker.php?Material-UID=nO7hIdLqNH&Material-Image=3"}, "caption": "", "withBorder": false, "stretched": false, "withBackground": false}}, {"id": "ZP8OU6lc6x", "type": "image", "data": {"file": {"url": "/api/next/images-worker.php?Material-UID=nO7hIdLqNH&Material-Image=4"}, "caption": "", "withBorder": false, "stretched": false, "withBackground": false}}]}