{"title": "Штормовое предупреждение", "time": 1633035600000, "version": "119317", "blocks": [{"id": "dgxOUXek1a", "type": "header", "data": {"text": "Штормовое предупреждение", "level": 1}, "tunes": {"align": {"alignment": "left"}}}, {"id": "ydMu7KYqsP", "type": "paragraph", "data": {"text": "2,3,4 октября ночью и утром по республике ожидаются на почве заморозки до -3°С."}, "tunes": {"align": {"alignment": "left"}}}]}