{"title": "Информация о контрольных (надзорных) мероприятиях в отношении землепользователей в период вегетации амброзии полыннолистной", "time": 1634245200000, "version": "119317", "blocks": [{"id": "cxAc2ZaoGL", "type": "header", "data": {"text": "Информация о контрольных (надзорных) мероприятиях в отношении землепользователей в период вегетации амброзии полыннолистной", "level": 1}, "tunes": {"align": {"alignment": "left"}}}, {"id": "337p4NkRc", "type": "paragraph", "data": {"text": "Информация о контрольных (надзорных) мероприятиях в отношении землепользователей в период вегетации амброзии полыннолистной"}, "tunes": {"align": {"alignment": "left"}}}, {"id": "ug0CpHdaAF", "type": "paragraph", "data": {"text": "В соответствии с Распоряжением Президента Приднестровской Молдавской Республики от 2 апреля 2021 года № 81рп «О проведении внеплановых мероприятий по контролю (надзору)» Министерством сельского хозяйства и природных ресурсов Приднестровской Молдавской Республики в период с 17 мая по 15 октября 2021 года проводились мероприятия по контролю (надзору) в отношении землепользователей и арендаторов земель сельскохозяйственного назначения, а также на землях государственного резервного фонда Приднестровской Молдавской Республики на предмет соблюдения мер по борьбе, своевременной ликвидации очагов произрастания и предотвращению распространения карантинного сорняка амброзии полыннолистной и других карантинных объектов, направленные на локализацию и ликвидацию их очагов."}, "tunes": {"align": {"alignment": "left"}}}, {"id": "74RHn1PBl", "type": "paragraph", "data": {"text": "Вместе с тем, проведена работа по осуществлению внеплановых мероприятий в отношении землепользователей, которым были вынесены предписания об устранении нарушений."}, "tunes": {"align": {"alignment": "left"}}}, {"id": "bkpUbzhVtW", "type": "paragraph", "data": {"text": "«Во время проведения обследовательских карантинных мероприятий на особый контроль были взяты сельскохозяйственные угодья, находящиеся после уборки урожая зерновых культур и подлежащие проведению агротехнических работ на стерне (лущение и дискование, применение средств защиты растений), поскольку, после скашивания сельскохозяйственных зерновых культур у амброзии не остается естественных конкурентов, что способствует ее активному распространению», - сообщил главный государственный фитосанитарный инспектор ПМР, начальник управления фитосанитарного благополучия Александр Чернов."}, "tunes": {"align": {"alignment": "left"}}}, {"id": "1O5h4BCzXf", "type": "paragraph", "data": {"text": "Александр Чернов уточнил, протоколы об административных правонарушениях о непринятии землепользователями мер по борьбе с амброзией полыннолистной рассмотрены административной комиссией при Министерстве сельского хозяйства и природных ресурсов Приднестровья. При рассмотрении админпротоколов были учтены не только выявленные нарушения, но и смягчающие обстоятельства, а именно, предоставленные землепользователями фото и видеофайлы, подтверждающие проведенные на момент рассмотрения протокола агротехнические мероприятия по ликвидации амброзии. Из 51 административного протокола приняты решения по 50 в виде штрафов и предупреждений. Один административный протокол направлен для рассмотрения в суд."}, "tunes": {"align": {"alignment": "left"}}}, {"id": "QavTqMW7Uc", "type": "paragraph", "data": {"text": "«В июле 2021 года специалистами Министерства сельского хозяйства и природных ресурсов Приднестровской Молдавской Республики были проведены внеплановые контрольные мероприятия в отношении землепользователей сел Дороцкое, Пырыта, Кошница, Погребя, Кочиеры, Новая Моловата, Васильевка Дубоссарского района, находящихся под юрисдикцией Республики Молдова. В ходе карантинных обследований были выявлены 56 га земли со 100 % засоренностью амброзией полыннолистной, в связи с чем материалы обследования с фото и видеофайлами были направлены в Министерство иностранных дел Приднестровской Молдавской Республики с целью официального обращения в компетентные органы контроля Республики Молдова о принятии мер по борьбе, своевременной ликвидации очагов произрастания и предотвращению распространения карантинного сорняка», - сообщил главный государственный фитосанитарный инспектор ПМР."}, "tunes": {"align": {"alignment": "left"}}}, {"id": "mLkTp0mlhR", "type": "paragraph", "data": {"text": "С 12 августа 2021 года в Министерстве сельского хозяйства и природных ресурсов Приднестровья была организована работа «горячей линии «Стоп амброзия!». Информация от граждан о выявленных очагах амброзии на землях сельскохозяйственного назначения и землях Государственного резервного фонда принималась по телефону (533) 2 67 24 и на электронный адрес: fito-pmr@mail.ru, записи о поступивших сообщениях фиксировались в специальных журналах. «За период с 12 августа 2021 года по 14 октября 2021 года на «горячую линию» поступил 41 телефонный звонок и 24 сообщения на электронный адрес с фото и видеофайлами, о выявленных очагах амброзии полыннолистной. Так же, на сельскохозяйственные угодья был организован совместный выездной рейд с съемочной группой телевидения «Первый Приднестровский». Вслед за поступившей от граждан информации о произрастании амброзии полыннолистной на землях сельскохозяйственного назначения и землях государственного резервного фонда специалистами министерства были приняты оперативные меры по установлению землепользователей, на чьих земельных участках выявлен карантинный сорняк и даны указания к незамедлительному уничтожению злостного карантинного сорняка», - резюмировал начальник управления фитосанитарного благополучия Александр Чернов."}, "tunes": {"align": {"alignment": "left"}}}]}