{"title": "В Приднестровье идут осенние полевые работы", "time": 1634245200000, "version": "119317", "blocks": [{"id": "CJ7tUDGCek", "type": "header", "data": {"text": "В Приднестровье идут осенние полевые работы", "level": 1}, "tunes": {"align": {"alignment": "left"}}}, {"id": "vvQnnhknsH", "type": "paragraph", "data": {"text": "В Приднестровье идут осенние полевые работы"}, "tunes": {"align": {"alignment": "left"}}}, {"id": "FIWwD1OKMm", "type": "paragraph", "data": {"text": "В Приднестровье полным ходом идут осенние полевые работы. Об условиях, в которых они проходят, рассказал первый заместитель министра сельского хозяйства и природных ресурсов Приднестровья Олег Дилигул."}, "tunes": {"align": {"alignment": "left"}}}, {"id": "kyekzcZ2qg", "type": "paragraph", "data": {"text": "«В первую очередь идет уборка поздних яровых культур, в том числе II группы. Заканчивается уборка подсолнечника и хозяйства приступили к уборке кукурузы. Основными предшественниками для посева озимых культур в нашей республике эти главные культуры. В первую очередь подсолнечник является предшественником для большей части площади озимой пшеницы."}, "tunes": {"align": {"alignment": "left"}}}, {"id": "i6Dnai0TLg", "type": "paragraph", "data": {"text": "Для посева рапса предшественников является озимая пшеница. Посев озимого рапса завершен. Его посеяли на площади 18 тыс. га – это больше чем в предыдущие годы. Складывались благоприятные условия для подготовки почвы, была влага в августе этого года. Многие хозяйства посев осуществили. Правда после посева рапса почти месяц не было осадков, часть посевов попали в неблагоприятные условия – страдают из-за отсутствия влаги. Но эта же погода позволила успешно проводит уборку подсолнечника без осадков и готовить почву под посев озимой пшеницы, озимого ячменя и озимой ржи."}, "tunes": {"align": {"alignment": "left"}}}, {"id": "LJJTb8sQWL", "type": "paragraph", "data": {"text": "Хозяйства активно ведут работы и по подготовке почвы одновременно по посеву. Посеяно более 30 тыс. га озимой пшеницы. Часть хозяйств приступила к посеву озимого ячменя. Темпы хорошие, они придерживались недостаточностью площадей, освободившихся после уборки кукурузы потому, что кукурузу убирать с высокой влажностью хозяйства не могут. Те площади, которые освободились после уборки подсолнечника уже подготовлены и посеяны, но есть часть площадей, где предшественником для посева пшеницы и особенно ячменя выступает кукуруза», – сообщил Олег Дилигул. И пояснил, что к уборке кукурузы можно приступить тогда, когда влажность оптимальная. Но зерно кукурузы еще не подошло к базисной влажности в поле, а уборка с последующей сушкой затратное мероприятие, кроме этого – не хватает в республике сушильных мощностей. Комбинаты хлебопродуктов направлены на то, чтобы в первую очередь обеспечить сушкой собственное производство. Другие организации, имеющие сушильные емкости и очистительные машины, тоже в первую очередь используют свое. Предприятия, у которых нет своих сушильных и складских помещений, вынуждены снизить темпы уборки кукурузы до тех пор, пока она естественным способом не подойдет к базисной влажности. Это по мнению первого замминистра является фактором, сдерживающим полное завершение посевной кампании."}, "tunes": {"align": {"alignment": "left"}}}, {"id": "tOshPphRk5", "type": "paragraph", "data": {"text": "«Надеемся, что те осадки, которые прошли и в настоящее время идут благоприятно повлияют на развитие всходов озимой пшеницы. И по плану, который сельхозорганизации озвучили и это зафиксировано министерством – общая площадь под посев озимой пшеницы планируется в пределах 85 тыс. га. Плюс планируется под озимый рапс – 18 тыс. га», – поделился информацией о ходе посевной кампании Олег Дилигул."}, "tunes": {"align": {"alignment": "left"}}}, {"id": "TGcMKm8Ze6", "type": "paragraph", "data": {"text": "Что касается подведения итогов уборочной кампании этого года, то цифры говорят сами за себя. 390 тыс. тонн озимой пшеницы – это рекордный урожай за новейшую историю Приднестровья. Вышли на этот урожай по всей республике, по мнению первого заместителя министра, благодаря высокому технологическому подходу к производству. «Конечно положительную роль сыграли осадки, но предприятия вложились и в семенной материал, и в средства защиты растений, в удобрения, в приобретение современной техники для уборки зерновых культур. Часть урожая, которая была убрана в оптимальные сроки – до 15 августа, убрана с высоким качеством. Качество такой пшеницы на уровне хорошей продовольственной пшеницы – 3-4 класса. Что тоже в новейшей истории Приднестровья давно не наблюдалось. Да, конечно те площади, которые были убраны с задержкой после ливневых осадков, полегшие посевы, а такое тоже присутствует – это около 30-40 тыс. тонн – это зерно не может быть признано кондиционным и использоваться в продовольственных целях. Оно будет направлено на переработку для производства других видов продукции, не пищевых», – уточнил первый заместитель министра сельского хозяйства и природных ресурсов Приднестровья Олег Дилигул."}, "tunes": {"align": {"alignment": "left"}}}]}