{
	"time": 1633324827552,
	"blocks": [
		{
			"id": "UYDd9GV4TY",
			"type": "paragraph",
			"data": {
				"text": "На период введения ограничительных мероприятий (карантина) по предотвращению распространения коронавирусной инфекции COVID-19 в Министерстве сельского хозяйства и природных ресурсов Приднестровской Молдавской Республики ограничен прием граждан."
			}
		},
		{
			"id": "qZ2_Lsp5nM",
			"type": "paragraph",
			"data": {
				"text": "Консультацию о порядке предоставления государственных услуг и способах записи в период действия ограничительных мероприятий (карантина) можно получить по телефонам"
			}
		}
	],
	"version": 1
}
