{"title": "В Минсельхозприроды работает «горячая линия» по вопросам противодействия коррупции", "time": 1633986000000, "version": "119317", "blocks": [{"id": "t4X47AzuiA", "type": "header", "data": {"text": "В Минсельхозприроды работает «горячая линия» по вопросам противодействия коррупции", "level": 1}, "tunes": {"align": {"alignment": "left"}}}, {"id": "T2YUZpbbtb", "type": "paragraph", "data": {"text": "В Минсельхозприроды работает «горячая линия» по вопросам противодействия коррупции"}, "tunes": {"align": {"alignment": "left"}}}, {"id": "AybBpRgJN", "type": "paragraph", "data": {"text": "В Министерстве сельского хозяйства и природных ресурсов Приднестровской Молдавской Республики работает «горячая линия» для принятия сообщений на условиях полной конфиденциальности о коррупционных проявлениях в деятельности работников Министерства и подведомственных организаций."}, "tunes": {"align": {"alignment": "left"}}}, {"id": "URQ3rUvBnk", "type": "paragraph", "data": {"text": "Сообщения принимаются по номеру телефона: 0- 533- 26672 с 8:00 до 17:00 в рабочие дни c перерывом с 12:00 до 13:00."}, "tunes": {"align": {"alignment": "left"}}}]}