{"title": "Внимание, конкурс!", "time": 1633381200000, "version": "119317", "blocks": [{"id": "jnkHGXqHi", "type": "header", "data": {"text": "Внимание, конкурс!", "level": 1}, "tunes": {"align": {"alignment": "left"}}}, {"id": "tN6grtMIou", "type": "paragraph", "data": {"text": "Внимание, конкурс!"}, "tunes": {"align": {"alignment": "left"}}}, {"id": "XUhxyK6B8P", "type": "paragraph", "data": {"text": "Министерство сельского хозяйства и природных ресурсов ПМР объявляет конкурс на замещение вакантной должности главного специалиста отдела развития животноводства управления развития агропромышленного комплекса государственной гражданской службы ПМР."}, "tunes": {"align": {"alignment": "left"}}}, {"id": "QRrZ5G7VeO", "type": "paragraph", "data": {"text": "К участию в конкурсе допускаются граждане ПМР, соответствующие следующим основным квалификационным требованиям:"}, "tunes": {"align": {"alignment": "left"}}}, {"id": "3oKHTuU05", "type": "paragraph", "data": {"text": "а) наличие высшего профессионального образования – зоотехнического, ветеринарного, инженерно-технологического, экономического профиля."}, "tunes": {"align": {"alignment": "left"}}}, {"id": "3vKaVqtF1I", "type": "paragraph", "data": {"text": "б) стаж государственной гражданской службы ПМР - не менее 2 (двух) лет или стаж работы по специальности не менее 4 (четырех) лет;"}, "tunes": {"align": {"alignment": "left"}}}, {"id": "bZETJjQGXH", "type": "paragraph", "data": {"text": "в) наличие знаний и навыков применения действующего законодательства ПМР;"}, "tunes": {"align": {"alignment": "left"}}}, {"id": "7wGKahyUE", "type": "paragraph", "data": {"text": "г) уверенное пользование персональным компьютером со знанием основных офисных программ Microsoft Word, Microsoft Excel;"}, "tunes": {"align": {"alignment": "left"}}}, {"id": "Muy6UJ4lpi", "type": "paragraph", "data": {"text": "д) наличие навыков работы с людьми, подготовки делового письма, умения анализировать сведения и прогнозировать развитие отрасли;"}, "tunes": {"align": {"alignment": "left"}}}, {"id": "Z8DyR3PEOL", "type": "paragraph", "data": {"text": "е) отсутствие не снятой или не погашенной в установленном действующим законодательством ПМР порядке судимости;"}, "tunes": {"align": {"alignment": "left"}}}, {"id": "1U7O7qXbnP", "type": "paragraph", "data": {"text": "ж) особые требования:"}, "tunes": {"align": {"alignment": "left"}}}, {"id": "xlK4TFFPB2", "type": "paragraph", "data": {"text": "- знание рациона кормления животных и условий их содержания;"}, "tunes": {"align": {"alignment": "left"}}}, {"id": "fYKFen8ZPs", "type": "paragraph", "data": {"text": "- знание нормативно-правовых актов, регламентирующих деятельность животноводческой отрасли."}, "tunes": {"align": {"alignment": "left"}}}, {"id": "KASSziQMur", "type": "paragraph", "data": {"text": "Предельный возраст поступления на государственную гражданскую службу ПМР - до 60 лет."}, "tunes": {"align": {"alignment": "left"}}}, {"id": "GRoYGxG6Sa", "type": "paragraph", "data": {"text": "Условия прохождения государственной гражданской службы в Министерстве сельского хозяйства и природных ресурсов ПМР:"}, "tunes": {"align": {"alignment": "left"}}}, {"id": "sN4jhoyigH", "type": "paragraph", "data": {"text": "а) служебным распорядком предусмотрена пятидневная рабочая неделя с 8-ми часовым рабочим днем;"}, "tunes": {"align": {"alignment": "left"}}}, {"id": "TXPt8RkdWY", "type": "paragraph", "data": {"text": "б) государственному служащему гарантируется денежное содержание и другие выплаты в соответствии с законодательством Приднестровской Молдавской Республики и Приказом Министерства сельского хозяйства и природных ресурсов ПМР «О порядке оплаты труда работников (государственных гражданских служащих) Министерства сельского хозяйства и природных ресурсов Приднестровской Молдавской Республики в 2021 году»;"}, "tunes": {"align": {"alignment": "left"}}}, {"id": "N1rC3sEId", "type": "paragraph", "data": {"text": "в) основной отпуск продолжительностью 30 календарных дней, дополнительный отпуск – в зависимости от стажа государственной службы ПМР."}, "tunes": {"align": {"alignment": "left"}}}, {"id": "8bX3snGugr", "type": "paragraph", "data": {"text": "Граждане ПМР, желающие участвовать в конкурсе, в 15-дневный срок со дня опубликования объявления, представляют в Министерство сельского хозяйства и природных ресурсов ПМР (кабинеты № 104 или № 106 (кадровая служба), следующий перечень документов:"}, "tunes": {"align": {"alignment": "left"}}}, {"id": "rWslU17vz", "type": "paragraph", "data": {"text": "а) личное заявление;"}, "tunes": {"align": {"alignment": "left"}}}, {"id": "uiyJIk3GaR", "type": "paragraph", "data": {"text": "б) собственноручно заполненную и подписанную анкету (форма анкеты прилагается) с приложением фотографии;"}, "tunes": {"align": {"alignment": "left"}}}, {"id": "rkMp4gGA", "type": "paragraph", "data": {"text": "в) копию паспорта или заменяющего его документа (соответствующий документ предъявляется лично по прибытии на конкурс);"}, "tunes": {"align": {"alignment": "left"}}}, {"id": "QfrdB58nxH", "type": "paragraph", "data": {"text": "г) документы, подтверждающие наличие высшего профессионального образования, и стажа работы по специальности:"}, "tunes": {"align": {"alignment": "left"}}}, {"id": "EvTjZdazNl", "type": "paragraph", "data": {"text": "1) копию трудовой книжки или иные документы, подтверждающие трудовую (служебную) деятельность гражданина;"}, "tunes": {"align": {"alignment": "left"}}}, {"id": "0aS1axeluX", "type": "paragraph", "data": {"text": "2) копии документов о профессиональном образовании, а также по желанию гражданина - о дополнительном профессиональном образовании, о присвоении ученой степени, ученого звания, заверенные нотариально или кадровыми службами по месту работы (службы)."}, "tunes": {"align": {"alignment": "left"}}}, {"id": "35kqyFgjkt", "type": "paragraph", "data": {"text": "Прием документов осуществляется по 20 октября 2021 года (включительно) до 17-00 часов."}, "tunes": {"align": {"alignment": "left"}}}, {"id": "1rMaCBs2ZO", "type": "paragraph", "data": {"text": "При проведении конкурса конкурсная комиссия оценивает кандидатов на основании представленных ими документов об образовании, прохождении государственной гражданской службы, осуществлении другой трудовой деятельности, а также на основе конкурсных процедур с использованием не противоречащих законам и другим нормативным правовым актам ПМР методов оценки профессиональных и личностных качеств кандидатов, включая индивидуальное собеседование, анкетирование, проведение групповых дискуссий, написание реферата или тестирование по вопросам, связанным с выполнением должностных обязанностей по вакантной должности государственной гражданской службы, на замещение которой претендуют кандидаты."}, "tunes": {"align": {"alignment": "left"}}}, {"id": "BtKjTNZg4", "type": "paragraph", "data": {"text": "При оценке профессиональных и личностных качеств кандидатов конкурсная комиссия исходит из соответствующих квалификационных требований к вакантной должности государственной гражданской службы и других положений должностного регламента по этой должности. Заседание конкурсной комиссии проводится при наличии не менее двух кандидатов."}, "tunes": {"align": {"alignment": "left"}}}, {"id": "Og5PTFnL5O", "type": "paragraph", "data": {"text": "Министерство сельского хозяйства и природных ресурсов ПМР расположено по адресу: г.Тирасполь, ул.Юности, 58/3, телефон для справок 2-67-45 (соединить с кадровой службой), факс: 2-78-96, e-mail: minagro@ecology-pmr.org."}, "tunes": {"align": {"alignment": "left"}}}]}