{"title": "О состоянии (загрязнении) атмосферного воздуха в городах Тирасполь, Бендеры, Рыбница в сентябре 2021 года", "time": 1633899600000, "version": "119317", "blocks": [{"id": "GZJmBd5xWA", "type": "header", "data": {"text": "О состоянии (загрязнении) атмосферного воздуха в городах Тирасполь, Бендеры, Рыбница в сентябре 2021 года", "level": 1}, "tunes": {"align": {"alignment": "left"}}}, {"id": "lInsPi06G0", "type": "paragraph", "data": {"text": "Обзор загрязнения атмосферного воздуха по городам Тирасполь, Бендеры, Рыбница (с ноября 2003 г. ) 2021 2020 2019 2018 2017 2016 2015 2014 2013 2012 2011 2010 2009 2008 2007 2006 2005 2004 2003 * в виде списка ссылок Данные по химическому анализу атмосферных осадков по городам Тирасполь, Дубоссары, Рыбница, Каменка (с апреля 2013 г. по декабрь 2016 г. ) 2016 2015 2014 2013 * в виде списка ссылок Данные по химическому составу воды р.Днестр по городам Рыбница, Дубоссары, Бендеры, Григориополь, Тирасполь, Слободзея (с мая 2013 г. по январь 2017 г. ) 2017 2016 2015 2014 2013 * в виде списка ссылок Гидро- метеорологический обзор (с 2014 г.) 2021 2020 2019 2018 2017 2016 2015 2014 * в виде списка ссылок"}, "tunes": {"align": {"alignment": "left"}}}]}