{"title": "Увеличение производства ягодных культур - одно из прорывных направлений в сфере АПК Приднестровья", "time": 1633294800000, "version": "119317", "blocks": [{"id": "MzjavyxNEQ", "type": "header", "data": {"text": "Увеличение производства ягодных культур - одно из прорывных направлений в сфере АПК Приднестровья", "level": 1}, "tunes": {"align": {"alignment": "left"}}}, {"id": "Jopejrr3AW", "type": "paragraph", "data": {"text": "Увеличение производства ягодных культур - одно из прорывных направлений в сфере АПК Приднестровья"}, "tunes": {"align": {"alignment": "left"}}}, {"id": "wIUiHkxvzf", "type": "paragraph", "data": {"text": "О направлениях в сфере АПК, которые могут в ближайшее время стать прорывными, поговорим сегодня с первым заместителем министра сельского хозяйства и природных ресурсов Приднестровья Олегом Дилигулом."}, "tunes": {"align": {"alignment": "left"}}}, {"id": "p4WS2Iujcd", "type": "paragraph", "data": {"text": "– Весной этого года по поручению Правительства министерство сформулировало предложения по прорывным направлениям, которые могут дать новый импульс развитию агропромышленного комплекса республики. Одно из них - это увеличение производства ягодных культур. Давайте поговорим об этом подробнее."}, "tunes": {"align": {"alignment": "left"}}}, {"id": "ZovR4iM8W", "type": "paragraph", "data": {"text": "– В условиях сложной экономической ситуации в мире, вызванной различными негативными явлениями объективного и субъективного характера на мой взгляд актуальным становится производство конкурентоспособной на внешнем и внутреннем рынках продукции с использованием потенциальных возможностей Приднестровья, включая в том числе и природно-климатический фактор. Производство ягод, как подотрасль плодоводства, может стать одним из перспективных направлений развития сельского хозяйства нашей республики."}, "tunes": {"align": {"alignment": "left"}}}, {"id": "1udh6e8zR", "type": "paragraph", "data": {"text": "– Каковы преимущества этого направления?"}, "tunes": {"align": {"alignment": "left"}}}, {"id": "cOJCxcb0Vk", "type": "paragraph", "data": {"text": "– Постоянно растущий спрос на ягоды не только в сезон, но и круглогодично – это залог успешного развития данного направления аграрной отрасли. Регулярное потребление ягод, как фактор здорового образа жизни и долголетия, получает все более широкое распространение среди населения как нашей республики, так и России. Некоторые виды ягод созревают в наших почвенно-климатических условиях на месяц-полтора раньше. Они характеризуются высокими вкусовыми и потребительскими качествами. В настоящее время большую часть плантаций ягодников в республике занимают земляника садовая, то есть клубника, как привыкло называть ее население. Но перспективными для экспорта являются малина, черная смородина, ежевика."}, "tunes": {"align": {"alignment": "left"}}}, {"id": "Yv4ArEcFmz", "type": "paragraph", "data": {"text": "Внедрение современных технологий с применением мульчирующих материалов, на капельном орошении способствует производству качественной ягодной продукции с оптимальной себестоимостью. Применение охлаждения в современных холодильниках с регулируемой газовой средой и использование качественной порционной упаковки позволяет доставить потребителю в России ягоды в свежем виде с качеством на уровне европейских конкурентов."}, "tunes": {"align": {"alignment": "left"}}}, {"id": "EWFwS0E8wV", "type": "paragraph", "data": {"text": "Возможности экспорта на внешний рынок в свежем и замороженном виде могут подстегнуть средних и мелким производителей к расширению площади под ягодными насаждениями. К тому же, доля новых товаропроизводителей в ягодном сегменте растет намного быстрее, чем в любом другом направлении плодовоовощного производства. Это происходит за счет раннего вступления в плодоношение ягодных культур и быстрого оборота вложенных средств. Производство ягод увеличит доходность орошаемой площади, поступление в бюджет и валютную выручку, а также будет способствовать занятости населения в сельской местности."}, "tunes": {"align": {"alignment": "left"}}}, {"id": "E7t40NKMf8", "type": "paragraph", "data": {"text": "– Есть ли у этого направления так называемые «подводные камни», то есть риски?"}, "tunes": {"align": {"alignment": "left"}}}, {"id": "im6c7hB5E", "type": "paragraph", "data": {"text": "– Ягодный бизнес прибыль может приносить уже со второго года его ведения. Процесс упаковки, переработки и расфасовки – несложный. Но без специального оборудования и использования технологий, направленных на повышение экономической эффективности, является трудоемким. Большинство сельхозпредприятий, занимающихся возделыванием ягодных культур, испытывают трудности в проведении основных агротехнических работ из-за нехватки рабочей силы, особенно вблизи крупных населенных пунктов республики."}, "tunes": {"align": {"alignment": "left"}}}, {"id": "26xDXOLWRE", "type": "paragraph", "data": {"text": "Главным условием успешного производства ягодных культур является решение вопроса реализации продукции за пределы республики в силу малоемкости нашего внутреннего рынка. В связи с этим важно инвестирование в современные линии по доработке и переработке – заморозке, сушке, производстве соков и пюре."}, "tunes": {"align": {"alignment": "left"}}}, {"id": "8tNQuEuMZG", "type": "paragraph", "data": {"text": "– Что необходимо предпринять, какие меры реализовать, чтобы это направление действительно стало перспективным, прорывным, выгодным и прибыльным как приднестровским сельхозпроизводителям, так населению и государству?"}, "tunes": {"align": {"alignment": "left"}}}, {"id": "lJrJ2VbH0y", "type": "paragraph", "data": {"text": "– При реализации на первоначальном этапе определенных мер стимулирования этого вида деятельности производство ягод будет развиваться во всех районах республики в то числе в отдаленных селах, испытывающих нехватку рабочих мест."}, "tunes": {"align": {"alignment": "left"}}}, {"id": "4XKOC1wFij", "type": "paragraph", "data": {"text": "– Какие именно меры стимулирования на ваш взгляд смогут заинтересовать сельхозтоваропроизводителей направить свои силы и средства на этот вид производства?"}, "tunes": {"align": {"alignment": "left"}}}, {"id": "iAXX7L6Bh1", "type": "paragraph", "data": {"text": "– В качестве стимула можно предложить для вновь открывающихся сельхозпредприятий, крестьянских, фермерских хозяйств льготы по налогообложению: первый год – 100%; второй год – 75%; третий год – 50%."}, "tunes": {"align": {"alignment": "left"}}}, {"id": "a8n1AWLP0H", "type": "paragraph", "data": {"text": "Справочно: Анализ структуры многолетних насаждений в Приднестровье за 2017-2020 годы, показал следующие изменения. Доля ягодников, к которым относятся черная смородина, ежевика и малина, за этот период увеличилась – с 0,3 % до 1,5 %."}, "tunes": {"align": {"alignment": "left"}}}, {"id": "RaOmwKTvFA", "type": "image", "data": {"file": {"url": "/api/next/images-worker.php?Material-UID=1prSqAH3O5&Material-Image=1"}, "caption": "", "withBorder": false, "stretched": false, "withBackground": false}}, {"id": "hrYUycML2z", "type": "image", "data": {"file": {"url": "/api/next/images-worker.php?Material-UID=1prSqAH3O5&Material-Image=2"}, "caption": "", "withBorder": false, "stretched": false, "withBackground": false}}, {"id": "5v1IwDqSq8", "type": "image", "data": {"file": {"url": "/api/next/images-worker.php?Material-UID=1prSqAH3O5&Material-Image=3"}, "caption": "", "withBorder": false, "stretched": false, "withBackground": false}}, {"id": "wTDsQYsZMP", "type": "image", "data": {"file": {"url": "/api/next/images-worker.php?Material-UID=1prSqAH3O5&Material-Image=4"}, "caption": "", "withBorder": false, "stretched": false, "withBackground": false}}, {"id": "V2frJwANMU", "type": "image", "data": {"file": {"url": "/api/next/images-worker.php?Material-UID=1prSqAH3O5&Material-Image=5"}, "caption": "", "withBorder": false, "stretched": false, "withBackground": false}}]}