{"title": "Дальнейшее развитие после реорганизации:\nдеятельность рыбницких лабораторий ГУ «РЦВС и ФСБ» в 2021 году", "time": 1634072400000, "version": "119317", "blocks": [{"id": "nsdH0kVGHn", "type": "header", "data": {"text": "Дальнейшее развитие после реорганизации:\nдеятельность рыбницких лабораторий ГУ «РЦВС и ФСБ» в 2021 году", "level": 1}, "tunes": {"align": {"alignment": "left"}}}, {"id": "gWB3L6pHcf", "type": "paragraph", "data": {"text": "Дальнейшее развитие после реорганизации: деятельность рыбницких лабораторий ГУ «РЦВС и ФСБ» в 2021 году"}, "tunes": {"align": {"alignment": "left"}}}, {"id": "cGAMQlmS7o", "type": "paragraph", "data": {"text": "С ноября 2019 года в состав ГУ «Республиканский центр ветеринарно-санитарного и фитосанитарного благополучия» (далее – ГУ «РЦВС и ФСБ») в результате реорганизации путем присоединения вошли следующие структурные подразделения: лаборатория селекции крупного рогатого скота (ранее – ГУ «Государственный селекционно-племенной центр») и лаборатория исследования семенного и посадочного материала (ранее - ГУ «Республиканская государственная семенная инспекция»)."}, "tunes": {"align": {"alignment": "left"}}}, {"id": "kGouDwbn0M", "type": "paragraph", "data": {"text": "На современном этапе развития скотоводства искусственное осеменение является основным зоотехническим методом воспроизводства крупного рогатого скота. Лаборатория селекции крупного рогатого скота ГУ «РЦВС и ФСБ» находится в г.Рыбница и является единственной в республике лабораторией, которая в полном объёме обеспечивает воспроизводство продуктивных и племенных животных на территории Приднестровья, тем самым улучшая их генофонд, мясные и молочные качества, а также экстерьер стада."}, "tunes": {"align": {"alignment": "left"}}}, {"id": "61anFrLYAc", "type": "paragraph", "data": {"text": "Как отметила заведующая лабораторией Галина Харламова, «основной функцией данной лаборатории является улучшение и сохранение наследственных качеств животных путем искусственного осеменения, направленного на повышение удоев, содержания жира и белка в молоке, устойчивости животных к заболеваниям и приспособленности к условиям промышленной технологии содержания»."}, "tunes": {"align": {"alignment": "left"}}}, {"id": "qpqpGCIpQj", "type": "paragraph", "data": {"text": "В настоящее время в Приднестровье насчитывается около 10 000 голов маточного поголовья крупного рогатого скота, 80% которого содержится в частном секторе. При этом на сегодняшний день в республике функционируют и пользуются услугами лаборатории селекции крупного рогатого скота 35 пунктов искусственного осеменения, что на 110% больше, чем в 2020 году. Среди племенного материала, имеющегося в наличии, наиболее востребованным у местных животноводов является семя итальянской, венгерской и немецкой селекции голштинской (молочное направление), симментальской (мясомолочное направление), а также шаролезской (мясное направление) пород."}, "tunes": {"align": {"alignment": "left"}}}, {"id": "gzHzVek6nu", "type": "paragraph", "data": {"text": "Так, за истекший период (январь – сентябрь) 2021 года сотрудниками лаборатории было осеменено: 2250 голов крупного рогатого скота - семенем голштинской породы, 70 голов - семенем симментальской породы (итальянской селекции), 20 голов - семенем породы Шароле (итальянской селекции)."}, "tunes": {"align": {"alignment": "left"}}}, {"id": "tUGWIqdJEB", "type": "paragraph", "data": {"text": "В настоящее время лаборатория селекции крупного рогатого скота оснащена всем необходимым оборудованием, испытания на котором проводятся квалифицированными специалистами. В помещении лаборатории был проведен капитальный ремонт, в достаточном количестве закуплен племенной материал."}, "tunes": {"align": {"alignment": "left"}}}, {"id": "b6wU2Lisz8", "type": "paragraph", "data": {"text": "Совместно со специалистами Министерства сельского хозяйства и природных ресурсов ПМР сотрудники лаборатории участвуют в проверках молочно-товарных ферм республики на соблюдение условий, целей и порядка предоставления субсидий на возмещение части затрат на приобретение племенных нетелей крупного рогатого скота молочного направления по импорту."}, "tunes": {"align": {"alignment": "left"}}}, {"id": "yrDyhXgpL1", "type": "paragraph", "data": {"text": "Государственный семенной и сортовой контроль, а также апробацию посевов осуществляет лаборатория исследования семенного и посадочного материала ГУ «РЦВС и ФСБ», функционирующая в городах Тирасполь, Дубоссары и Рыбница."}, "tunes": {"align": {"alignment": "left"}}}, {"id": "ZRGIt2qx", "type": "paragraph", "data": {"text": "За период с января по сентябрь (включительно) текущего года сотрудниками рыбницкой лаборатории было проведено более 500 испытаний на определение посевных качеств семян сельскохозяйственных культур. Наибольшее количество исследований пришлось на март, август и сентябрь 2021 года, что обусловлено периодом посевных компаний яровых и озимых сельхозкультур."}, "tunes": {"align": {"alignment": "left"}}}, {"id": "u2gQvTG56U", "type": "paragraph", "data": {"text": "Апробация посевных качеств семенного и посадочного материала в сентябре текущего года была проведена на 75 га семенных участков, из которых зерновые культуры составили 69 га, кукуруза на участках гибридизации I поколения – 6 га земельных площадей."}, "tunes": {"align": {"alignment": "left"}}}, {"id": "JWgaTvbcPz", "type": "paragraph", "data": {"text": "Среди планов развития лаборатории – дальнейшее оснащение современным оборудованием для сортового и семенного контроля, а также повышение квалификации ее сотрудников в профильных организациях ближнего зарубежья."}, "tunes": {"align": {"alignment": "left"}}}, {"id": "CyEbpvu0uJ", "type": "image", "data": {"file": {"url": "/api/next/images-worker.php?Material-UID=vblVcJsLRN&Material-Image=1"}, "caption": "", "withBorder": false, "stretched": false, "withBackground": false}}, {"id": "0k4AiDbsa", "type": "image", "data": {"file": {"url": "/api/next/images-worker.php?Material-UID=vblVcJsLRN&Material-Image=2"}, "caption": "", "withBorder": false, "stretched": false, "withBackground": false}}, {"id": "Hk4dkyREpt", "type": "image", "data": {"file": {"url": "/api/next/images-worker.php?Material-UID=vblVcJsLRN&Material-Image=3"}, "caption": "", "withBorder": false, "stretched": false, "withBackground": false}}, {"id": "p4jDlayB7", "type": "image", "data": {"file": {"url": "/api/next/images-worker.php?Material-UID=vblVcJsLRN&Material-Image=4"}, "caption": "", "withBorder": false, "stretched": false, "withBackground": false}}, {"id": "OlucxSFo3T", "type": "image", "data": {"file": {"url": "/api/next/images-worker.php?Material-UID=vblVcJsLRN&Material-Image=5"}, "caption": "", "withBorder": false, "stretched": false, "withBackground": false}}, {"id": "GWeo5iAgHR", "type": "image", "data": {"file": {"url": "/api/next/images-worker.php?Material-UID=vblVcJsLRN&Material-Image=6"}, "caption": "", "withBorder": false, "stretched": false, "withBackground": false}}, {"id": "Q55QUkcL6V", "type": "image", "data": {"file": {"url": "/api/next/images-worker.php?Material-UID=vblVcJsLRN&Material-Image=7"}, "caption": "", "withBorder": false, "stretched": false, "withBackground": false}}]}