{"title": "Оперативная информация о ходе уборочной кампании по состоянию на 15 октября 2021 года", "time": 1634245200000, "version": "119317", "blocks": [{"id": "Bidc5Vb4", "type": "header", "data": {"text": "Оперативная информация о ходе уборочной кампании по состоянию на 15 октября 2021 года", "level": 1}, "tunes": {"align": {"alignment": "left"}}}, {"id": "3ECKbDxVQl", "type": "paragraph", "data": {"text": "Согласно данным, представленным территориальными управлениями сельского хозяйства Министерства сельского хозяйства и природных ресурсов Приднестровья, зерновых и зернобобовых культур намолочено 468,4 тыс. тонн со средней урожайностью 44,6 ц/га."}, "tunes": {"align": {"alignment": "left"}}}, {"id": "nDvw3vVeIz", "type": "paragraph", "data": {"text": "Кукурузы убрано 649 га (2,5% уборочной площади), намолочено 5,3 тыс. тонн зерна со средней урожайностью 81,8 ц/га."}, "tunes": {"align": {"alignment": "left"}}}, {"id": "kCwzodaqMH", "type": "paragraph", "data": {"text": "Подсолнечника убрано 44 тыс. 800 га (82% уборочной площади), намолочено 103,5 тыс. тонн со средней урожайностью 23,1 ц/га."}, "tunes": {"align": {"alignment": "left"}}}, {"id": "AQbVriGvEJ", "type": "paragraph", "data": {"text": "Сои убрано 365,5 га (90% уборочной площади), собрано 856 тонны со средней урожайностью 23,4 ц/га."}, "tunes": {"align": {"alignment": "left"}}}, {"id": "uCk14JHwj5", "type": "paragraph", "data": {"text": "Картофеля убрано 222 га (63% уборочной площади), собрано 5,9 тыс. тонн со средней урожайностью 267,9 ц/га."}, "tunes": {"align": {"alignment": "left"}}}, {"id": "TKGMRFcXh7", "type": "paragraph", "data": {"text": "Овощей убрано 1 тыс. 875 га (88% уборочной площади), собрано 25,7 тонн, в том числе 3 тыс. тонн зеленого горошка и 16,4 тыс. тонн сахарной кукурузы. Также убирают лук (2,6 тыс. тонн), капусту (669 тонн), томаты (924 тонны), перец сладкий (505 тонн), свеклу (300 тонн), морковь (797 тонн) и др."}, "tunes": {"align": {"alignment": "left"}}}, {"id": "I3NMHTMoIJ", "type": "paragraph", "data": {"text": "Бахчевых культур собрано 2,7 тыс. тонн со средней урожайностью 107,5 ц/га."}, "tunes": {"align": {"alignment": "left"}}}, {"id": "tciZUxI4y4", "type": "paragraph", "data": {"text": "Винограда убрано 1 тыс.665 га (70% уборочной площади), собрано 17,3 тыс. тонн со средней урожайностью 104 ц/га."}, "tunes": {"align": {"alignment": "left"}}}, {"id": "k6IWT88eTw", "type": "paragraph", "data": {"text": "Плодовых культур собрано 9,7 тыс. тонн, в т.ч. 6,1 тыс. тонн косточковых."}, "tunes": {"align": {"alignment": "left"}}}]}