{"title": "Минсельхозприроды продолжает работу просветительского характера", "time": 1633986000000, "version": "119317", "blocks": [{"id": "sE17D7jd5U", "type": "header", "data": {"text": "Минсельхозприроды продолжает работу просветительского характера", "level": 1}, "tunes": {"align": {"alignment": "left"}}}, {"id": "zlOYomOBz6", "type": "paragraph", "data": {"text": "Минсельхозприроды продолжает работу просветительского характера"}, "tunes": {"align": {"alignment": "left"}}}, {"id": "KpKEYsd66U", "type": "paragraph", "data": {"text": "На базе МУ «Централизованная библиотечная система» Бендерским управлением сельского хозяйства природных ресурсов и экологии Минсельхозприроды ПМР совместно с сотрудниками центральной библиотеки оформлена информационная книжная выставка «У животных есть друзья: это мы - и ты, и я». Экспозиция подготовлена к Всемирному Дню защиты животных. Цель выставки, которая будет работать с 4 по 29 октября 2021 года - экологическое просвещение молодежи, формирования у подрастающего поколения бережного отношения к природе и животным."}, "tunes": {"align": {"alignment": "left"}}}, {"id": "xhKFTcecOP", "type": "paragraph", "data": {"text": "После ее завершения более 30 книг будут безвозмездно переданы в МУ «Централизованная библиотечная система» для пополнения библиотечного фонда литературой экологической направленности. Финансирование осуществлялось за счет средств территориального целевого бюджетного экологического фонда г. Бендеры."}, "tunes": {"align": {"alignment": "left"}}}, {"id": "7mncA6Wpyr", "type": "paragraph", "data": {"text": "Отметим, что такую активную помощь Бендерское управление сельского хозяйства, природных ресурсов и экологии МСХ и ПР ПМР оказывает центральной детской библиотеке г.Бендеры уже 10 лет."}, "tunes": {"align": {"alignment": "left"}}}, {"id": "ze8ZmLluzF", "type": "paragraph", "data": {"text": "За эти годы библиотечные фонды пополнились более чем 400 экземплярами интересных и увлекательных изданий о растениях и животных, о редких явлениях природы."}, "tunes": {"align": {"alignment": "left"}}}, {"id": "neTr4Salt", "type": "paragraph", "data": {"text": "Книги часто становятся основой проведения литературных конкурсов по экологии, эко-часов, викторин для детей. Часто участниками этих мероприятий становятся воспитанники Бендерского детского дома, который курирует Бендерское управление сельского хозяйства, природных ресурсов и экологии Минсельхозприроды."}, "tunes": {"align": {"alignment": "left"}}}, {"id": "f881oubl4", "type": "image", "data": {"file": {"url": "/api/next/images-worker.php?Material-UID=xgdTzlxWfS&Material-Image=1"}, "caption": "", "withBorder": false, "stretched": false, "withBackground": false}}, {"id": "TMZlg8PRO", "type": "image", "data": {"file": {"url": "/api/next/images-worker.php?Material-UID=xgdTzlxWfS&Material-Image=2"}, "caption": "", "withBorder": false, "stretched": false, "withBackground": false}}]}