{"title": "«Колкотовая балка». Первые шаги к преображению", "time": 1634590800000, "version": "119317", "blocks": [{"id": "d6KxztwOjh", "type": "header", "data": {"text": "«Колкотовая балка». Первые шаги к преображению", "level": 1}, "tunes": {"align": {"alignment": "left"}}}, {"id": "UNRm5akPpn", "type": "paragraph", "data": {"text": "20 октября 2021 года на территории геологического памятника природы мирового значения «Колкотовая балка» начнется первый этап реализации перспективного плана развития памятника природы - уборка мусора на территории памятника и прилегающей к нему территории. Мероприятие организуют Минсельхозприроды совместно с Госадминистрацией г. Тирасполь. На месте будет работать техника и сотрудники «Спецавтохозяйства»."}, "tunes": {"align": {"alignment": "left"}}}, {"id": "3PZ8v6M85", "type": "paragraph", "data": {"text": "Начало мероприятия в 10.00."}, "tunes": {"align": {"alignment": "left"}}}, {"id": "ma6n2WPVob", "type": "paragraph", "data": {"text": "Будем признательны волонтерам, если они примут участие в мероприятии, мешки и перчатки готово предоставить Минсельхозприроды."}, "tunes": {"align": {"alignment": "left"}}}]}