{"title": "Приднестровский Гидрометцентр модернизируется и обновляется", "time": 1634158800000, "version": "119317", "blocks": [{"id": "nuvn6RbPv3", "type": "header", "data": {"text": "Приднестровский Гидрометцентр модернизируется и обновляется", "level": 1}, "tunes": {"align": {"alignment": "left"}}}, {"id": "T7RdskXE6c", "type": "paragraph", "data": {"text": "Приднестровский Гидрометцентр модернизируется и обновляется"}, "tunes": {"align": {"alignment": "left"}}}, {"id": "Qwawkx7o0o", "type": "paragraph", "data": {"text": "В рамках реализации Распоряжения Правительства Приднестровской Молдавской Республики от 29 декабря 2020 года № 1311 «Об утверждении Плана развития гидрометеорологической деятельности в Приднестровской Молдавской Республике в 2021-2025 годах» в третьем квартале 2021 года проведены следующие мероприятия."}, "tunes": {"align": {"alignment": "left"}}}, {"id": "RyXaa2K6Vs", "type": "paragraph", "data": {"text": "Осуществлено в полном объеме обеспечение интернет-сетью метеостанций и лабораторий по загрязнению атмосферного воздуха."}, "tunes": {"align": {"alignment": "left"}}}, {"id": "hYaM3SFjsr", "type": "paragraph", "data": {"text": "Проведена и установлена интернет-сеть на четырех метеостанциях и трех лабораториях, что позволило обеспечить оперативную передачу информации о произведенных наблюдениях и инструментальных исследованиях в центр сбора информации посредством интернета сообщения."}, "tunes": {"align": {"alignment": "left"}}}, {"id": "6bw2DXMxhv", "type": "paragraph", "data": {"text": "Для реализации мероприятий переноса метеорологической станции г. Тирасполь и лаборатории по наблюдению за загрязнением атмосферного воздуха на территорию государственного учреждения «Приднестровский научно-исследовательский институт сельского хозяйства» проведен комплекс работ. В том числе: заключен договор на право долгосрочного пользования земельным участком; производится расчистка (снос, вырубка, раскорчевка) земельного участка от деревьев лиственных пород, кустарников, самосевной поросли; разработан ОАО «Проектный институт «Приднестровский» проект Здание гидрометеорологической станции г. Тирасполь."}, "tunes": {"align": {"alignment": "left"}}}, {"id": "TAEqCIhhYp", "type": "paragraph", "data": {"text": "В части оснащения гидрометеорологической службы современных оборудованием - была произведена закупка и поставка трех гидрометеорологических мачт высотой 10 метров для установки на них датчика анеморумбометра, и на случай отсутствия электроэнергии, флюгеров с легкой (400г.) и тяжелой (800г.) досками. Данные приборы служат для определения направления и скорости ветра."}, "tunes": {"align": {"alignment": "left"}}}, {"id": "r2WMUM0Nq", "type": "paragraph", "data": {"text": "Частично профинансирована (предоплата) поставка гидрометеорологических приборов и оборудования:"}, "tunes": {"align": {"alignment": "left"}}}, {"id": "UTAqYvxuK", "type": "paragraph", "data": {"text": "- анеморумбометр М-63 М-1 (направление и скорость ветра);"}, "tunes": {"align": {"alignment": "left"}}}, {"id": "fP7Zl7w4x", "type": "paragraph", "data": {"text": "- комплект глубинных термометров АТМ-5 (температура почвы на глубине 0.2, 0.4, 0.8, 1.2, 2.4, 3.2 м);"}, "tunes": {"align": {"alignment": "left"}}}, {"id": "q163ggUhb8", "type": "paragraph", "data": {"text": "- весы аналитические ВЛР-200 (взвешивание проб почвы на влажность, фильтров на пыль и взвешенные наносы)."}, "tunes": {"align": {"alignment": "left"}}}, {"id": "7STpNyNcQ3", "type": "paragraph", "data": {"text": "Установлены в ГУ «Республиканский метеорологический центр» и проходят тестирование компьютерные программы: ARMAGRO (агрометеорология); «Реки-режим» гидрология; «Персона МИС», «Персона АРМ» и «ГХИ-фон-3»."}, "tunes": {"align": {"alignment": "left"}}}, {"id": "bDhuN4UUcM", "type": "paragraph", "data": {"text": "С целью проведения лабораторных исследований, проводимых государственным учреждением «Республиканский гидрометеорологический центр» подана заявка на заключение контракта на приобретение химических реактивов, необходимых для проведения анализа атмосферного воздуха."}, "tunes": {"align": {"alignment": "left"}}}, {"id": "ADOXSOwMAU", "type": "paragraph", "data": {"text": "В рамках мероприятий, направленных на обеспечение производственными зданиями и сооружениями, в том числе ремонт существующих зданий выполнены расчеты стоимости строительных подрядов на ремонт фасада и кровли здания озерной станции в г. Дубоссары и ремонт фасада и крыши здания МС и ЛНЗА в г.Рыбница."}, "tunes": {"align": {"alignment": "left"}}}, {"id": "Ht1FTHRsjk", "type": "image", "data": {"file": {"url": "/api/next/images-worker.php?Material-UID=JxiLERaWOo&Material-Image=1"}, "caption": "", "withBorder": false, "stretched": false, "withBackground": false}}, {"id": "gmqmqbtrJ", "type": "image", "data": {"file": {"url": "/api/next/images-worker.php?Material-UID=JxiLERaWOo&Material-Image=2"}, "caption": "", "withBorder": false, "stretched": false, "withBackground": false}}, {"id": "simZOz5SGY", "type": "image", "data": {"file": {"url": "/api/next/images-worker.php?Material-UID=JxiLERaWOo&Material-Image=3"}, "caption": "", "withBorder": false, "stretched": false, "withBackground": false}}, {"id": "10mPj2QqV4", "type": "image", "data": {"file": {"url": "/api/next/images-worker.php?Material-UID=JxiLERaWOo&Material-Image=4"}, "caption": "", "withBorder": false, "stretched": false, "withBackground": false}}, {"id": "VCZs1E8Z08", "type": "image", "data": {"file": {"url": "/api/next/images-worker.php?Material-UID=JxiLERaWOo&Material-Image=5"}, "caption": "", "withBorder": false, "stretched": false, "withBackground": false}}, {"id": "Y4ftWtcFTE", "type": "image", "data": {"file": {"url": "/api/next/images-worker.php?Material-UID=JxiLERaWOo&Material-Image=6"}, "caption": "", "withBorder": false, "stretched": false, "withBackground": false}}]}