{
	"title": "Оперативная информация о ходе уборочной кампании по состоянию на 8 октября 2021 года",
	"time": 1633693500000,
	"version": "0",
	"blocks": [
		{
			"id": "GYHSmU_Lw3",
			"type": "paragraph",
			"data": {
				"text": "Согласно данным, представленным территориальными управлениями сельского хозяйства Министерства сельского хозяйства и природных ресурсов Приднестровья, зерновых и зернобобовых культур намолочено 462,6 тыс. тонн со средней урожайностью 44,4 ц/га"
			},
			"tunes": { "align": { "alignment": "left" } }
		},
		{
			"id": "4FVzo9XWQ8",
			"type": "paragraph",
			"data": {
				"text": "Землепользователи приступили к уборке кукурузы, по состоянию на сегодняшнюю дату намолочено 2 тыс. тонн зерна кукурузы."
			},
			"tunes": { "align": { "alignment": "left" } }
		},
		{
			"id": "M6pfKlARJj",
			"type": "paragraph",
			"data": {
				"text": "Подсолнечника убрано 32,8 тыс. га (60% уборочной площади), намолочено 75,2 тыс. тонн со средней урожайностью 22,9 ц/га"
			},
			"tunes": { "align": { "alignment": "left" } }
		}
	]
}
