{"title": "Агрометеорологические условия роста и развития сельскохозяйственных культур", "time": 1634158800000, "version": "119317", "blocks": [{"id": "Yt6swkzXfF", "type": "header", "data": {"text": "Агрометеорологические условия роста и развития сельскохозяйственных культур", "level": 1}, "tunes": {"align": {"alignment": "left"}}}, {"id": "VUgu8LDqh", "type": "paragraph", "data": {"text": "Агрометеорологические условия в первой декаде октября, как сообщил Республиканский гидрометцентр, складывались неблагоприятно, так как отсутствовали осадки. Запасы продуктивной влаги на полях понизились."}, "tunes": {"align": {"alignment": "left"}}}, {"id": "EcPwehUcvd", "type": "paragraph", "data": {"text": "В Григориополе, на наблюдательном участке провели посев озимой пшеницы 1-го октября."}, "tunes": {"align": {"alignment": "left"}}}, {"id": "DQyYIxugxW", "type": "paragraph", "data": {"text": "В Дубоссарах, на озимой зерно проросло 2-го числа, а 6-го появились всходы. Состояние пшеницы удовлетворительное."}, "tunes": {"align": {"alignment": "left"}}}, {"id": "cmTxIb3Lhs", "type": "paragraph", "data": {"text": "В Рыбнице, на озимой пшенице появился 3-й лист. Средняя высота растений 13 см. Состояние пшеницы хорошее."}, "tunes": {"align": {"alignment": "left"}}}, {"id": "oeLhJyrmDL", "type": "paragraph", "data": {"text": "Влагозапасы под озимыми составляли в пахотном слое 9-20 мм, в полуметровом 9-58 мм, в метровом 51-122 мм."}, "tunes": {"align": {"alignment": "left"}}}, {"id": "KfYOmS6gWA", "type": "paragraph", "data": {"text": "В Тирасполе, на зяби, запасы продуктивной влаги равнялись соответственно: 6 мм; 32 мм; 82 мм."}, "tunes": {"align": {"alignment": "left"}}}, {"id": "1pBckPIkL", "type": "paragraph", "data": {"text": "В Каменке, на наблюдательном участке, к уборке кукурузы еще не приступили."}, "tunes": {"align": {"alignment": "left"}}}, {"id": "B3XVyN1Vjl", "type": "paragraph", "data": {"text": "В Каменке, в яблоневом саду, влагозапасы полуметрового слоя 18 мм; метрового: 61 мм."}, "tunes": {"align": {"alignment": "left"}}}]}