{"title": "Оперативная информация о ходе уборочной кампании по состоянию на 12 октября 2021 года", "time": 1633986000000, "version": "119317", "blocks": [{"id": "BxvzknkYoQ", "type": "header", "data": {"text": "Оперативная информация о ходе уборочной кампании по состоянию на 12 октября 2021 года", "level": 1}, "tunes": {"align": {"alignment": "left"}}}, {"id": "uxeisYTAxQ", "type": "paragraph", "data": {"text": "Оперативная информация о ходе уборочной кампании по состоянию на 12 октября 2021 года"}, "tunes": {"align": {"alignment": "left"}}}, {"id": "6JQlUPH2Rt", "type": "paragraph", "data": {"text": "Согласно данным, представленным территориальными управлениями сельского хозяйства Минсельхозприроды, зерновых и зернобобовых культур в Приднестровье намолочено 466,9 тыс. тонн со средней урожайностью 44,6 ц/га."}, "tunes": {"align": {"alignment": "left"}}}, {"id": "BxE4nD3hZT", "type": "paragraph", "data": {"text": "Кукурузы убрано 541 га (2% уборочной площади), намолочено 4,5 тыс. тонн зерна со средней урожайностью 83,2 ц/га."}, "tunes": {"align": {"alignment": "left"}}}, {"id": "IwXDSIIJee", "type": "paragraph", "data": {"text": "Подсолнечника убрано 39,8 тыс. га (73% уборочной площади), намолочено 92,6 тыс. тонн со средней урожайностью 23,2 ц/га."}, "tunes": {"align": {"alignment": "left"}}}, {"id": "E6GEmHlMEm", "type": "paragraph", "data": {"text": "Сои убрано 365 га (90% уборочной площади), собрано 855 тонны со средней урожайностью 23,4 ц/га."}, "tunes": {"align": {"alignment": "left"}}}, {"id": "4GZqA5S0Ys", "type": "paragraph", "data": {"text": "Овощей убрано 1,87 тыс. га (88% уборочной площади), собрано 25,5 тыс. тонн, в том числе 3 тыс. тонн зеленого горошка и 16,4 тыс. тонн сахарной кукурузы. Также убирают лук (2,6 тыс. тонн), капусту (591 тонна), томаты (919 тонн), перец сладкий (500 тонн), свеклу (290 тонн), морковь (789 тонн) и др. Картофеля убрано 219 га (62% уборочной площади), собрано 5,9 тыс. тонн со средней урожайностью 270,8 ц/га."}, "tunes": {"align": {"alignment": "left"}}}, {"id": "tHvgZDBmI", "type": "paragraph", "data": {"text": "Бахчевых культур убрано 252,5 га (84% уборочной площади), собрано 2,7 тыс. тонн со средней урожайностью 107,5 ц/га."}, "tunes": {"align": {"alignment": "left"}}}, {"id": "tXhqAryPjg", "type": "paragraph", "data": {"text": "Винограда убрано 1554 га (65% уборочной площади), собрано 16,7 тыс. тонн со средней урожайностью 107,7 ц/га."}, "tunes": {"align": {"alignment": "left"}}}, {"id": "f3PsfjNMd", "type": "paragraph", "data": {"text": "Плодовых культур собрано 8,6 тыс. тонн, в т.ч. 6 тыс. тонн косточковых."}, "tunes": {"align": {"alignment": "left"}}}]}