{"title": "Уборочная кампания продолжается", "time": 1633294800000, "version": "119317", "blocks": [{"id": "C6EBwi4bi4", "type": "header", "data": {"text": "Уборочная кампания продолжается", "level": 1}, "tunes": {"align": {"alignment": "left"}}}, {"id": "pwn43c6Cah", "type": "paragraph", "data": {"text": "Согласно данным на 1 октября 2021 года, представленным территориальными управлениями сельского хозяйства министерства сельского хозяйства и природных ресурсов Приднестровской Молдавской Республики, зерновых и зернобобовых культур намолочено 460 тыс. тонн со средней урожайностью 44,3 ц/га."}, "tunes": {"align": {"alignment": "left"}}}, {"id": "3BG5bvdp0t", "type": "paragraph", "data": {"text": "Подсолнечника убрано 22 тыс. га (40% уборочной площади), намолочено 48 тыс. тонн со средней урожайностью 21,9 ц/га."}, "tunes": {"align": {"alignment": "left"}}}, {"id": "sNkSUSO313", "type": "paragraph", "data": {"text": "Льна намолочено 1,4 тыс. тонн со средней урожайностью 14 ц/га."}, "tunes": {"align": {"alignment": "left"}}}, {"id": "gFK4HgyLD7", "type": "paragraph", "data": {"text": "Горчицы собрано 1,6 тыс. тонн со средней урожайностью 8 ц/га."}, "tunes": {"align": {"alignment": "left"}}}, {"id": "l2B5m5HMyW", "type": "paragraph", "data": {"text": "Сои убрано 268 га (66% уборочной площади), собрано 636 тонн со средней урожайностью 23,7 ц/га."}, "tunes": {"align": {"alignment": "left"}}}, {"id": "uHmKLisiCp", "type": "paragraph", "data": {"text": "Картофеля убрано 185га (52% уборочной площади), собрано 4,8 тыс. тонн."}, "tunes": {"align": {"alignment": "left"}}}, {"id": "aDdlqAYmVN", "type": "paragraph", "data": {"text": "Овощей убрано 1,7 тыс. га (82% уборочной площади), собрано 22 тыс. тонн, в том числе 3 тыс. тонн зеленого горошка и 13,9 тыс. тонн сахарной кукурузы. Также убирают лук (2,2 тыс. тонн), капусту (533 тонны), томаты (774 тонны), перец сладкий (445 тонн), свеклу (173 тонны), морковь (626 тонн) и др."}, "tunes": {"align": {"alignment": "left"}}}, {"id": "DTfSEMzuGj", "type": "paragraph", "data": {"text": "Бахчевых культур убрано 250 га (83% уборочной площади), собрано 2,6 тыс. тонн со средней урожайностью 106,6 ц/га."}, "tunes": {"align": {"alignment": "left"}}}, {"id": "3TlXSTPnGs", "type": "paragraph", "data": {"text": "Винограда убрано 1118 га (47% уборочной площади), собрано 12,5 тыс. тонн со средней урожайностью 112,2 ц/га."}, "tunes": {"align": {"alignment": "left"}}}, {"id": "NPPyDbkYST", "type": "paragraph", "data": {"text": "Плодовых культур собрано 6 тыс. тонн, в т.ч. 5,2 тыс. тонн косточковых."}, "tunes": {"align": {"alignment": "left"}}}]}