{
	"информация_новости_вакансии": {
		"news": [ "00-616522a6025ad5", "00-6165231e4c7fe4" ],
		"documents": []
	},
	"информация_новости": {
		"news": [
			"EzvugvS5hZ",
			"honqextjLV",
			"CzUnREpXf",
			"FqXnwHllLF",
			"qR8jVdFWmf",
			"0k3FLazcIT",
			"KYpWaMbEDs",
			"3FFts3rHJQ",
			"A38hFfPno",
			"CyNTTXz8N3",
			"CtdYpazd6Y",
			"JxiLERaWOo",
			"gJjzzjszw5",
			"Qi4INhJ3y",
			"vblVcJsLRN",
			"461p0jC1LF",
			"xgdTzlxWfS",
			"QuHHmVlX0g",
			"BMQHigs53j",
			"VIlo7A24su",
			"XGeDjWGtjM",
			"M333O3OAEu",
			"nO7hIdLqNH",
			"rxLbbXQcS4",
			"7tB1zPNqoB",
			"QsomiKVLfL",
			"7Vmmut3X36",
			"n1ZtGOM7g7",
			"RzmtaXGQAf",
			"Xet8LR8Asc",
			"Qa6lslY4gh",
			"1prSqAH3O5",
			"cvQ8Xyy6YV",
			"7rjLKNc0h",
			"kVuYoRibmK"
		],
		"documents": []
	}
}
