{"title": "Наглядно. Эффективность мер государственной поддержки", "time": 1633467600000, "version": "119317", "blocks": [{"id": "kfaVcKSmCO", "type": "header", "data": {"text": "Наглядно. Эффективность мер государственной поддержки", "level": 1}, "tunes": {"align": {"alignment": "left"}}}, {"id": "SyzeneBoxm", "type": "paragraph", "data": {"text": "Наглядно. Эффективность мер государственной поддержки"}, "tunes": {"align": {"alignment": "left"}}}, {"id": "thkgdTmYY5", "type": "paragraph", "data": {"text": "Наглядно. Эффективность мер государственной поддержки молочной отрасти в области плодоводства сельского хозяйства."}, "tunes": {"align": {"alignment": "left"}}}]}