{
	"title": "В Приднестровье завершена уборка первой группы зерновых и зернобобовых культур",
	"time": 1636348812671,
	"blocks": [
		{
			"id": "IZ9_yySQLF",
			"type": "header",
			"data": {
				"text": "В Приднестровье завершена уборка первой группы зерновых и зернобобовых культур",
				"level": 1
			}
		},
		{
			"id": "jkwc0gpn0f",
			"type": "delimiter",
			"data": {}
		},
		{
			"id": "cekjihJFkQ",
			"type": "paragraph",
			"data": {
				"text": "Согласно данным, представленным территориальными управлениями сельского хозяйства, природных ресурсов и экологии Минсельхозприроды ПМР в Приднестровье завершена уборка первой группы зерновых и зернобобовых культур. Намолочено более 450 тыс. тонн зерна со средней урожайностью 44,6 ц/га."
			}
		},
		{
			"id": "Yz0DHMX2oV",
			"type": "paragraph",
			"data": {
				"text": "Сельхозпроизводители приступили к уборке подсолнечника. Намолочено 6 тыс. тонн маслосемян подсолнечника со средней урожайностью 18,8 ц/га."
			}
		},
		{
			"id": "zLR-D9ynyC",
			"type": "paragraph",
			"data": {
				"text": "Картофеля собрано 2,3 тыс. тонн. Овощей собрано 15,3 тыс. тонн, в том числе 3 тыс. тонн зеленого горошка и 9 тыс. тонн сахарной кукурузы. Также убирают лук (1,2 тыс. тонн), капусту (444 тонны), томаты (372 тонны), перец сладкий (245 тонн), свеклу (79 тонн), морковь (407 тонн) и др."
			}
		},
		{
			"id": "5IvcTEfZqz",
			"type": "paragraph",
			"data": {
				"text": "Бахчевых культур собрано 1,3 тыс. тонн."
			}
		},
		{
			"id": "zE6E_in5JO",
			"type": "paragraph",
			"data": {
				"text": "Винограда собрано 4,5 тыс. тонн."
			}
		},
		{
			"id": "k8gBRNnoCQ",
			"type": "paragraph",
			"data": {
				"text": "Плодовых культур собрано 2,6 тыс. тонн, в т.ч. 690 тонн сливы."
			}
		},
		{
			"id": "3aWjfMYw6i",
			"type": "image",
			"data": {
				"file": {
					"url": "http://192.168.100.170/api/image.php?parent=в-приднестровье-завершена-уборка-5jk4i&index=1",
					"width": 200,
					"height": 133
				},
				"caption": "",
				"withBorder": true,
				"stretched": true,
				"withBackground": false
			}
		}
	],
	"version": 1
}
