{"title": "В целях обеспечения благополучной эпизоотической обстановки в Приднестровье по особо опасным заболеваниям животных", "time": 1634504400000, "version": "119317", "blocks": [{"id": "KGSEkaNXUQ", "type": "header", "data": {"text": "В целях обеспечения благополучной эпизоотической обстановки в Приднестровье по особо опасным заболеваниям животных", "level": 1}, "tunes": {"align": {"alignment": "left"}}}, {"id": "ru2TS5TLLE", "type": "paragraph", "data": {"text": "В целях обеспечения благополучной эпизоотической обстановки в Приднестровье по особо опасным заболеваниям животных"}, "tunes": {"align": {"alignment": "left"}}}, {"id": "xDa1otG47J", "type": "paragraph", "data": {"text": "Министерство сельского хозяйства и природных ресурсов Приднестровской Молдавской Республики в рамках реализации государственной политики в области ветеринарной деятельности организует проведение противоэпизоотических мероприятий, включая мероприятия по профилактике и ликвидации болезней животных, в том числе общих для человека и животных."}, "tunes": {"align": {"alignment": "left"}}}, {"id": "ZLUqPzAd6", "type": "paragraph", "data": {"text": "Так, в период с января по сентябрь 2021 года специалистами Управления ветеринарии в районах проводился мониторинг исполнения Плана ветеринарно-профилактических, противоэпизоотических и противогельминтозных мероприятий, утвержденного министром сельского хозяйства и природных ресурсов на 2021 год."}, "tunes": {"align": {"alignment": "left"}}}, {"id": "xR3d3V14Vr", "type": "paragraph", "data": {"text": "Ветеринарными специалистами подведомственного министерству учреждения ГУ «Республиканский центр ветеринарного и фитосанитарного благополучия» проведены исследования животных на: сап лошадей – 505 голов – 94,39 % к годовому плану, лейкоз КРС (РИД) – 9754 гол. – 102,46 %, бруцеллез – 16892 гол. – 102,5 %, туберкулез – 10757 гол. – 111,82 %."}, "tunes": {"align": {"alignment": "left"}}}, {"id": "CLkBU0vz6", "type": "paragraph", "data": {"text": "Проведена вакцинация животных (голов) против: Сибирской язвы – 22542 гол. к годовому плану 98,01 %, Бешенства – 15526 гол. – 91,49 %, болезни Тешена – 1439 гол. – 79,94 %, болезни Ауески – 1459 гол. – 486,33 %, классической чумы свиней – 22653 гол. – 80,76 %, рожи свиней – 12218 гол. – 66,51 %, чумы птицы – 1193500 гол. что составило 108,41 %."}, "tunes": {"align": {"alignment": "left"}}}, {"id": "g0ASDicnZ", "type": "paragraph", "data": {"text": "За указанный период на территории республики зарегистрировано 3 случая возникновения инфекционного заболевания животных – бешенство (с. Незавертайловка, Слободзейского района, с. Окница, Каменского района)."}, "tunes": {"align": {"alignment": "left"}}}, {"id": "Po1NCnfWoQ", "type": "paragraph", "data": {"text": "В ветеринарную лабораторию республики поступило 31510 проб, в том числе для исследований в бактериологический отдел – 11666 проб, в серологический – 18192 пробы, в химико-токсикологический – 998 проб и в пищевой – 654 пробы, из которых получено 2929 положительных результатов."}, "tunes": {"align": {"alignment": "left"}}}, {"id": "PA1bnUfqgg", "type": "paragraph", "data": {"text": "Всего в ветеринарной лаборатории проведено 62472 исследования, в том числе по отделам: бактериологический – 27695, серологический – 28700, химико-токсикологический – 2973, микробиологический – 3104, в том числе проведено лабораторно-диагностических исследований: органолептических – 2363, микроскопия плотоядных – 3198, патологоанатомических – 674, бактериологических – 11995, биологических – 0, исследований на антибиотики – 188, микологических – 421, паразитологических – 6328, биофизикохимических – 2224 и др."}, "tunes": {"align": {"alignment": "left"}}}, {"id": "Vd8quZ1ZuN", "type": "image", "data": {"file": {"url": "/api/next/images-worker.php?Material-UID=qR8jVdFWmf&Material-Image=1"}, "caption": "", "withBorder": false, "stretched": false, "withBackground": false}}, {"id": "bSWeWNSBGu", "type": "image", "data": {"file": {"url": "/api/next/images-worker.php?Material-UID=qR8jVdFWmf&Material-Image=2"}, "caption": "", "withBorder": false, "stretched": false, "withBackground": false}}]}