{
	"time": 1631341751145,
	"blocks": [
		{
			"id": "06SzX2NDaf",
			"type": "header",
			"data": {
				"text": "Top level header",
				"level": 1
			}
		},
		{
			"id": "KaHSegWGPi",
			"type": "delimiter",
			"data": {}
		},
		{
			"id": "06SYX2NDbk",
			"type": "header",
			"data": {
				"text": "Editor.js",
				"level": 2
			}
		},
		{
			"id": "Vmpz-jyWUe",
			"type": "paragraph",
			"data": {
				"text": "Hey. Meet the new Editor. On this page you can see it in action — try to edit this text."
			}
		},
		{
			"id": "UOTiL3G6N9",
			"type": "header",
			"data": {
				"text": "Key features",
				"level": 3
			}
		},
		{
			"id": "01ifLT8lZ-",
			"type": "list",
			"data": {
				"style": "unordered",
				"items": [
					"It is a block-styled editor",
					"It returns clean data output in JSON",
					"Designed to be extendable and pluggable with a simple API"
				]
			}
		},
		{
			"id": "DWr71L2F6M",
			"type": "header",
			"data": {
				"text": "What does it mean «block-styled editor»",
				"level": 3
			}
		},
		{
			"id": "0Sb1xkwhEA",
			"type": "paragraph",
			"data": {
				"text": "Workspace in classic editors is made of a single contenteditable element, used to create different HTML markups. Editor.js <mark class=\"cdx-marker\">workspace consists of separate Blocks: paragraphs, headings, images, lists, quotes, etc</mark>. Each of them is an independent contenteditable element (or more complex structure) provided by Plugin and united by Editor's Core."
			}
		},
		{
			"id": "kZtVV89a4d",
			"type": "paragraph",
			"data": {
				"text": "There are dozens of <a href=\"https://github.com/editor-js\">ready-to-use Blocks</a> and the <a href=\"https://editorjs.io/creating-a-block-tool\">simple API</a>.. for creation any Block you need. For example, you can implement Blocks for Tweets, Instagram posts, surveys and polls, CTA-buttons and even games."
			}
		},
		{
			"id": "evq7nj1PsN",
			"type": "header",
			"data": {
				"text": "What does it mean clean data output",
				"level": 3
			}
		},
		{
			"id": "2LNLxU4N4d",
			"type": "paragraph",
			"data": {
				"text": "Classic WYSIWYG-editors produce raw HTML-markup with both content data and content appearance. On the contrary, Editor.js outputs JSON object with data of each Block. You can see an example below"
			}
		},
		{
			"id": "v3fWr0S28D",
			"type": "image",
			"data": {
				"file": {
					"url": "https://codex.so/public/app/img/external/codex2x.png"
				},
				"caption": "",
				"withBorder": false,
				"stretched": false,
				"withBackground": false
			}
		},
		{
			"id": "Mi9MLt2VGX",
			"type": "paragraph",
			"data": {
				"text": "Given data can be used as you want: render with HTML for <code class=\"inline-code\">Web clients</code>, render natively for <code class=\"inline-code\">mobile apps</code>, create markup for <code class=\"inline-code\">Facebook Instant Articles</code> or <code class=\"inline-code\">Google AMP</code>, generate an <code class=\"inline-code\">audio version</code> and so on."
			}
		},
		{
			"id": "wV3rUpRQ_1",
			"type": "paragraph",
			"data": {
				"text": "Clean data is useful to sanitize, validate and process on the backend."
			}
		}
	],
	"version": "2.22.2"
}
