{"title": "БУДУЩИМ ОХОТНИКАМ", "time": 1633554000000, "version": "119317", "blocks": [{"id": "uQPjLqCmqS", "type": "header", "data": {"text": "БУДУЩИМ ОХОТНИКАМ", "level": 1}, "tunes": {"align": {"alignment": "left"}}}, {"id": "5UchcUcoWi", "type": "paragraph", "data": {"text": "БУДУЩИМ ОХОТНИКАМ"}, "tunes": {"align": {"alignment": "left"}}}, {"id": "aOFdElNhMs", "type": "paragraph", "data": {"text": "13 октября 2021 года в 10:00 в Министерстве сельского хозяйства и природных ресурсов Приднестровской Молдавской Республики (актовый зал) состоится экзамен на знание требований охотничьего минимума для получения охотничьего билета."}, "tunes": {"align": {"alignment": "left"}}}, {"id": "FRJa0qN75v", "type": "paragraph", "data": {"text": "Для сдачи экзамена при себе необходимо иметь паспорт и ручку!"}, "tunes": {"align": {"alignment": "left"}}}, {"id": "UZEfMSwth6", "type": "paragraph", "data": {"text": "Структура экзаменационных испытаний и оценка знаний экзаменуемых определяется следующим порядком."}, "tunes": {"align": {"alignment": "left"}}}, {"id": "OKRRyQ4Oua", "type": "paragraph", "data": {"text": "Экзаменационные вопросы разделены на 2 части, включающие в себя разделы по требованию правил охоты, безопасности при обращении с орудиями охоты, основы биологии и экологии диких животных, а также их природоохранный статус на территории Приднестровской Молдавской Республики."}, "tunes": {"align": {"alignment": "left"}}}, {"id": "JWPmyCIlM2", "type": "paragraph", "data": {"text": "Первая часть представляет собой тестовые задания, состоящие из 20 вопросов. В каждом вопросе предложено 4 варианта ответа, один из которых является верным."}, "tunes": {"align": {"alignment": "left"}}}, {"id": "MxVVImweIb", "type": "paragraph", "data": {"text": "Вторая часть представляет собой мультимедийную презентацию, состоящую из 15 слайдов. На каждом слайде представлен вид дикого животного. Экзаменуемому необходимо указать его видовое название, путем внесения в соответствующее окно бланка теста."}, "tunes": {"align": {"alignment": "left"}}}, {"id": "zjMUplFtxC", "type": "paragraph", "data": {"text": "Результат экзамена считается положительным при правильном ответе экзаменуемого в течение одного академического часа не менее чем на 16 из 20 тестовых вопросов и 12 из 15 слайдов мультимедийной презентации. При наличии более четырех ошибок экзамен считается не сданным, и экзаменуемый направляется для повторной сдачи экзамена."}, "tunes": {"align": {"alignment": "left"}}}, {"id": "NZejMIkyFr", "type": "paragraph", "data": {"text": "Охотничий билет выдается в течение 10 дней со дня сдачи гражданином экзамена на знание требований охотминимума."}, "tunes": {"align": {"alignment": "left"}}}, {"id": "tPCuEfMG04", "type": "paragraph", "data": {"text": "Обращаем Ваше внимание, в рамках карантинных мер, в помещение допускается нахождение не более 10 человек. На экзамен кандидаты допускаются только при наличии маски."}, "tunes": {"align": {"alignment": "left"}}}]}