{"title": "Господдержка в действии", "time": 1634504400000, "version": "119317", "blocks": [{"id": "SxJIpGLvXI", "type": "header", "data": {"text": "Господдержка в действии", "level": 1}, "tunes": {"align": {"alignment": "left"}}}, {"id": "GHOGIVdPS8", "type": "paragraph", "data": {"text": "Господдержка в действии"}, "tunes": {"align": {"alignment": "left"}}}, {"id": "ceoqIQnxmK", "type": "paragraph", "data": {"text": "В Приднестровье продолжают поддерживать животноводческие организации в виде возмещению части затрат на приобретение племенных нетелей крупного рогатого скота молочного направления по импорту."}, "tunes": {"align": {"alignment": "left"}}}, {"id": "vgsLT8LNbP", "type": "paragraph", "data": {"text": "Так, 15 октября 2021 года на счета двух сельскохозяйственных организаций: ООО «Фиальт-Агро» и ООО «Строенцы» были перечислены субсидии в сумме 1 274 000 рублей, на поголовье нетелей – 98, из расчета 13 000 рублей за голову. Нетели голштино-фризской породы были завезены в нашу республику из Венгрии. В соответствии с приказами Министерства сельского хозяйства и природных ресурсов Приднестровской Молдавской Республики на молочно-товарную ферму каждой из организаций был осуществлен комиссионный выезд с целью изучения на месте объекта субсидирования (нетели), его состояния, условий содержания, кормления и дальнейшего развития. По результатам работы комиссий были составлены акты и принято решение о включении указанных субъектов в Реестр получателей субсидий. С каждой из организаций были заключены Соглашения о предоставлении субсидий."}, "tunes": {"align": {"alignment": "left"}}}, {"id": "Ofhb7iHS5K", "type": "paragraph", "data": {"text": "С начала 2021 года субсидии предоставлены на 161 голову нетелей на общую сумму 2 093 000 рублей. Финансовой поддержкой воспользовались две сельскохозяйственные организации: ООО «Фиальт-Агро» и ООО «Строенцы»."}, "tunes": {"align": {"alignment": "left"}}}, {"id": "Zs01pixVjn", "type": "paragraph", "data": {"text": "На 2021 год в Фонде поддержки сельского хозяйства Приднестровской Молдавской Республики на выплату субсидий на нетелей (помимо погашения кредиторской задолженности за 2020 год) предусмотрены денежные средства в сумме 5 359 000 рублей. До конца года организации планируют еще завозить нетелей."}, "tunes": {"align": {"alignment": "left"}}}, {"id": "YnIjJe3BCd", "type": "paragraph", "data": {"text": "Государственная поддержка молочного скотоводства осуществляется в рамках «Государственной программы развития агропромышленного комплекса Приднестровской Молдавской Республики на 2019-2026 годы» и направлена на увеличение поголовья коров, повышение инвестиционной привлекательности молочного скотоводства, выравнивание сезонности производства молока."}, "tunes": {"align": {"alignment": "left"}}}]}