{"title": "Гидрологический прогноз от 13 октября 2021 г.", "time": 1634072400000, "version": "119317", "blocks": [{"id": "JKbKGuPrOx", "type": "header", "data": {"text": "Гидрологический прогноз от 13 октября 2021 г.", "level": 1}, "tunes": {"align": {"alignment": "left"}}}, {"id": "qWgyazP7Gb", "type": "paragraph", "data": {"text": "В связи с уменьшением среднесуточных сбросных расходов нижнего бьефа Новоднестровского водохранилища с 14 октября уровень воды в р.Днестр до Дубоссарского водохранилища будет понижаться."}, "tunes": {"align": {"alignment": "left"}}}, {"id": "2T36XWuMko", "type": "paragraph", "data": {"text": "Ниже Дубоссарского водохранилища уровень воды повысится на 0,5-1,2м (при сохранении среднесуточных сбросных расходов нижнего бьефа Дубоссарского водохранилища в пределах 260м3/с)."}, "tunes": {"align": {"alignment": "left"}}}, {"id": "QUwBK6jKJ0", "type": "paragraph", "data": {"text": "Вода пройдет в пределах русла."}, "tunes": {"align": {"alignment": "left"}}}, {"id": "qlPZmvyTx", "type": "paragraph", "data": {"text": "Уровень воды в р.Днестр будет зависеть от величины сбросных расходов воды из водохранилищ и, в случае их резкого увеличения, будет корректироваться краткосрочными прогнозами с заблаговременностью 1-3 суток."}, "tunes": {"align": {"alignment": "left"}}}]}