{"title": "Оперативная информация о ходе уборочной кампании", "time": 1633381200000, "version": "119317", "blocks": [{"id": "gxu5fN02Z", "type": "header", "data": {"text": "Оперативная информация о ходе уборочной кампании", "level": 1}, "tunes": {"align": {"alignment": "left"}}}, {"id": "DUYnEjvWP", "type": "paragraph", "data": {"text": "По данным на сегодня, 5 октября 2021года в Приднестровье зерновых и зернобобовых культур намолочено 461,4 тыс. тонн со средней урожайностью 44,4 ц/га."}, "tunes": {"align": {"alignment": "left"}}}, {"id": "mXIob6HUYW", "type": "paragraph", "data": {"text": "Землепользователи приступили к уборке кукурузы, по состоянию на сегодняшнюю дату намолочено 1 тыс. тонн зерна кукурузы."}, "tunes": {"align": {"alignment": "left"}}}, {"id": "tf75BBkRCs", "type": "paragraph", "data": {"text": "Подсолнечника убрано 27,5 тыс. га (50% уборочной площади), намолочено 61,8 тыс. тонн со средней урожайностью 22,4 ц/га."}, "tunes": {"align": {"alignment": "left"}}}, {"id": "5kIlBfBmg4", "type": "paragraph", "data": {"text": "Сои убрано 327 га (80% уборочной площади), собрано 782 тонны со средней урожайностью 23,9 ц/га."}, "tunes": {"align": {"alignment": "left"}}}, {"id": "X8d7uUrVm6", "type": "paragraph", "data": {"text": "Овощей убрано 1,8 тыс. га (84% уборочной площади), собрано 23 тыс. тонн, в том числе 3 тыс. тонн зеленого горошка и 14,4 тыс. тонн сахарной кукурузы. Также убирают лук (2,4 тыс. тонн), капусту (534 тонны), томаты (845 тонн), перец сладкий (471 тонна), свеклу (193 тонны), морковь (726 тонн) и др."}, "tunes": {"align": {"alignment": "left"}}}, {"id": "LXyldkPzjc", "type": "paragraph", "data": {"text": "Картофеля убрано 194 га (55% уборочной площади), собрано 5 тыс. тонн со средней урожайностью 261 ц/га."}, "tunes": {"align": {"alignment": "left"}}}, {"id": "604RFXnmP", "type": "paragraph", "data": {"text": "Бахчевых культур убрано 251,5 га (84% уборочной площади), собрано 2,6 тыс. тонн со средней урожайностью 99,4 ц/га."}, "tunes": {"align": {"alignment": "left"}}}, {"id": "dj0MX2jFsx", "type": "paragraph", "data": {"text": "Винограда убрано 1145 га (48% уборочной площади), собрано 12,8 тыс. тонн со средней урожайностью 111,8 ц/га."}, "tunes": {"align": {"alignment": "left"}}}, {"id": "qzdUHRP3Ba", "type": "paragraph", "data": {"text": "Плодовых культур собрано 6,9 тыс. тонн, в т.ч. 5,6 тыс. тонн косточковых."}, "tunes": {"align": {"alignment": "left"}}}]}