{"title": "Минсельхозприроды в постоянном режиме осуществляет проверки соблюдения требований земельного законодательства", "time": 1633381200000, "version": "119317", "blocks": [{"id": "Zw6XH3ANX", "type": "header", "data": {"text": "Минсельхозприроды в постоянном режиме осуществляет проверки соблюдения требований земельного законодательства", "level": 1}, "tunes": {"align": {"alignment": "left"}}}, {"id": "iQYsTmoTbL", "type": "paragraph", "data": {"text": "При осуществлении государственного земельного контроля (надзора) в сентябре 2021 года в отношении земель, находящихся в ведении республиканских органов власти, проведены две плановые проверки соблюдения требований земельного законодательства Приднестровской Молдавской Республики."}, "tunes": {"align": {"alignment": "left"}}}, {"id": "SrC4Oj0eRB", "type": "paragraph", "data": {"text": "В результате осуществления государственного земельного контроля (надзора) в сентябре 2021 года представителями министерства составлены три протокола об административных правонарушениях за сжигание стерни на землях сельскохозяйственного назначения."}, "tunes": {"align": {"alignment": "left"}}}]}