{"title":"Оперативная информация о ходе уборочной кампании по состоянию на 8 октября 2021 года","time":1633709700000,"version":"0","blocks":[{"id":"zbiwQiLv0D","type":"header","data":{"text":"Оперативная информация о ходе уборочной кампании по состоянию на 8 октября 2021 года","level":1},"tunes":{"align":{"alignment":"left"}}},{"id":"kEM9rCuqWf","type":"paragraph","data":{"text":"Согласно данным, представленным территориальными управлениями сельского хозяйства Министерства сельского хозяйства и природных ресурсов Приднестровья, зерновых и зернобобовых культур намолочено 462,6 тыс. тонн со средней урожайностью 44,4 ц/га"},"tunes":{"align":{"alignment":"left"}}},{"id":"KwNxBtMLwd","type":"paragraph","data":{"text":"Землепользователи приступили к уборке кукурузы, по состоянию на сегодняшнюю дату намолочено 2 тыс. тонн зерна кукурузы."},"tunes":{"align":{"alignment":"left"}}},{"id":"0tQDHsnloF","type":"paragraph","data":{"text":"Подсолнечника убрано 32,8 тыс. га (60% уборочной площади), намолочено 75,2 тыс. тонн со средней урожайностью 22,9 ц/га."},"tunes":{"align":{"alignment":"left"}}},{"id":"E85IP1tjQh","type":"paragraph","data":{"text":"Сои убрано 361 га (89% уборочной площади), собрано 843 тонны со средней урожайностью 23,4 ц/га."},"tunes":{"align":{"alignment":"left"}}},{"id":"KLoGy44lqc","type":"paragraph","data":{"text":"Картофеля убрано 212 га (60% уборочной площади), собрано 5,5 тыс. тонн со средней урожайностью 259 ц/га."},"tunes":{"align":{"alignment":"left"}}},{"id":"1xESTg-9qF","type":"paragraph","data":{"text":"Овощей убрано 1,86 тыс. га (87% уборочной площади), собрано 24,3 тыс. тонн, в том числе 3 тыс. тонн зеленого горошка и 15,5 тыс. тонн сахарной кукурузы. Также убирают лук (2,5 тыс. тонн), капусту (582 тонны), томаты (859 тонн), перец сладкий (476 тонн), свеклу (286 тонн), морковь (758 тонн) и др."},"tunes":{"align":{"alignment":"left"}}},{"id":"33HYCQnBbx","type":"paragraph","data":{"text":"Бахчевых культур убрано 252,5га (84% уборочной площади), собрано 2,6тыс.тонн со средней урожайностью 100,6ц/га."},"tunes":{"align":{"alignment":"left"}}},{"id":"jqKzkoSbYT","type":"paragraph","data":{"text":"Винограда убрано 1388 га (58% уборочной площади), собрано 15,2 тыс. тонн со средней урожайностью 109,8 ц/га."},"tunes":{"align":{"alignment":"left"}}},{"id":"S_nyl1vHSw","type":"paragraph","data":{"text":"Плодовых культур собрано 7,5 тыс. тонн, в т.ч. 5,8 тыс. тонн косточковых."},"tunes":{"align":{"alignment":"left"}}}]}