{"title": "В Приднестровье продолжается работа по восстановлению земель", "time": 1633986000000, "version": "119317", "blocks": [{"id": "jQs3KPy2NT", "type": "header", "data": {"text": "В Приднестровье продолжается работа по восстановлению земель", "level": 1}, "tunes": {"align": {"alignment": "left"}}}, {"id": "8gG8FknK3B", "type": "paragraph", "data": {"text": "11 октября 2021 года межведомственная комиссия по приему-передаче рекультивированных земель, созданная Приказом Министерства сельского хозяйства и природных ресурсов Приднестровской Молдавской Республики осуществила прием рекультивированных земель по Дойбанскому месторождению песчано-гравийных пород, отрабатываемому ГУП «Дубоссарский ДЭУ» на площади 1,6 га."}, "tunes": {"align": {"alignment": "left"}}}, {"id": "oSxcKgixE6", "type": "paragraph", "data": {"text": "В состав комиссии вошли - руководители и специалисты Минсельхозприроды, Дубоссарского территориального управления сельского хозяйства, природных ресурсов и экологии Министерства сельского хозяйства и природных ресурсов, Государственной службы экологического контроля и охраны окружающей среды, Службы государственного надзора Министерства юстиции, государственной администрации Дубоссарского района и города Дубоссары. Возглавила межведомственную комиссию - заместитель министра сельского хозяйства и природных ресурсов по природным ресурсам Людмила Пилькова."}, "tunes": {"align": {"alignment": "left"}}}, {"id": "s0g3T7LdOL", "type": "paragraph", "data": {"text": "По результатам работы комиссии стало известно, что плодородный слой почвы на представленном участке нанесен на площади 1,6 га мощностью 50 сантиметров и подстилается суглинистым подпахотным горизонтом."}, "tunes": {"align": {"alignment": "left"}}}, {"id": "vRw7XEZkNP", "type": "paragraph", "data": {"text": "На рекультивированном участке площадью 1,6 га работы проведены в соответствии с существующими нормами и правилами и отвечают соответствующим требованиям их приемки в эксплуатацию."}, "tunes": {"align": {"alignment": "left"}}}]}