{"title": "Оперативная информация о ходе уборочной кампании по состоянию на 19 октября 2021 года", "time": 1634590800000, "version": "119317", "blocks": [{"id": "xp4qc14iFx", "type": "header", "data": {"text": "Оперативная информация о ходе уборочной кампании по состоянию на 19 октября 2021 года", "level": 1}, "tunes": {"align": {"alignment": "left"}}}, {"id": "VKQeWpZ0Du", "type": "paragraph", "data": {"text": "Согласно данным, представленным территориальными управлениями сельского хозяйства Минсельхозприроды, в Приднестровье зерновых и зернобобовых культур намолочено 469,9 тыс. тонн со средней урожайностью 44,7 ц/га"}, "tunes": {"align": {"alignment": "left"}}}, {"id": "sgJsj8QIji", "type": "paragraph", "data": {"text": "Кукурузы убрано 853 га (3,3% уборочной площади), намолочено 6,7 тыс. тонн зерна со средней урожайностью 79,7 ц/га."}, "tunes": {"align": {"alignment": "left"}}}, {"id": "eYjxjqvz", "type": "paragraph", "data": {"text": "Подсолнечника убрано 47,9 тыс. га (88% уборочной площади), намолочено 111тыс. тонн со средней урожайностью 23,3 ц/га."}, "tunes": {"align": {"alignment": "left"}}}, {"id": "8H5ttqk5p7", "type": "paragraph", "data": {"text": "Сои убрано 391 га (96% уборочной площади), собрано 934 тонны со средней урожайностью 23,9 ц/га."}, "tunes": {"align": {"alignment": "left"}}}, {"id": "Zf1dKeIqTl", "type": "paragraph", "data": {"text": "Картофеля убрано 276 га (78% уборочной площади), собрано 9,4 тыс. тонн со средней урожайностью 343,8 ц/га."}, "tunes": {"align": {"alignment": "left"}}}, {"id": "RPjdzHqJb0", "type": "paragraph", "data": {"text": "Овощей убрано 1,89 тыс. га (89% уборочной площади), собрано 25,8 тыс. тонн, в том числе 3 тыс. тонн зеленого горошка и 16,4 тыс. тонн сахарной кукурузы. Также убирают лук (2,7 тыс. тонн), капусту (673 тонны), томаты (929 тонн), перец сладкий (510 тонн), свеклу (338 тонн), морковь (801 тонна) и др."}, "tunes": {"align": {"alignment": "left"}}}, {"id": "xa4RDV8tvs", "type": "paragraph", "data": {"text": "Бахчевых культур собрано 2,77 тыс. тонн со средней урожайностью 108 ц/га."}, "tunes": {"align": {"alignment": "left"}}}, {"id": "yBwdWDbdla", "type": "paragraph", "data": {"text": "Винограда убрано 1947 га (80% уборочной площади), собрано 19,1 тыс. тонн со средней урожайностью 98,3 ц/га."}, "tunes": {"align": {"alignment": "left"}}}, {"id": "Y2ZeA6eQAE", "type": "paragraph", "data": {"text": "Плодовых культур собрано 10,2 тыс. тонн, в т.ч. 6,2 тыс. тонн косточковых."}, "tunes": {"align": {"alignment": "left"}}}]}