{"title": "Минсельхозприроды приступило к выполнению осеннего этапа по зарыблению и биологического мелиорации рыбохозяйственных водоемов", "time": 1634072400000, "version": "119317", "blocks": [{"id": "ufxsUOKcoZ", "type": "header", "data": {"text": "Минсельхозприроды приступило к выполнению осеннего этапа по зарыблению и биологического мелиорации рыбохозяйственных водоемов", "level": 1}, "tunes": {"align": {"alignment": "left"}}}, {"id": "q7KgtAiIlw", "type": "paragraph", "data": {"text": "Минсельхозприроды приступило к выполнению осеннего этапа по зарыблению и биологического мелиорации рыбохозяйственных водоемов"}, "tunes": {"align": {"alignment": "left"}}}, {"id": "Bo4B8VBd41", "type": "paragraph", "data": {"text": "Министерством сельского хозяйства и природных ресурсов ПМР продолжает мероприятия по зарыблению и биологической мелиорации рыбохозяйственных водоемов Приднестровской Молдавской Республики."}, "tunes": {"align": {"alignment": "left"}}}, {"id": "z6U6H11JW", "type": "paragraph", "data": {"text": "11 октября 2021 года начат осенний этап зарыбления в рамках финансирования за счет средств Республиканского экологического фонда Приднестровской Молдавской Республики на 2021 год."}, "tunes": {"align": {"alignment": "left"}}}, {"id": "qxrsROZf5X", "type": "paragraph", "data": {"text": "Всего за 11-12 октября текущего года в рыбохозяйственные водоемы республики выпущено 2328 кг сеголетков белого и пестрого толстолобиков, белого амура, карпа и карася, общей численностью 87,1 тысяч штук. В том числе: в реку Днестр – 1228 кг, 44,6 тысячи штук, в протоку Турунчук (Республиканский ихтиологический заказник «Турунчук») – 1100 кг, 42,5 тысячи штук."}, "tunes": {"align": {"alignment": "left"}}}, {"id": "OpelkbD2GI", "type": "paragraph", "data": {"text": "Рыбопосадочный материал, используемый при зарыблении и биологической мелиорации рыбохозяйственных водоемов ПМР, был предоставлен ИП Кушнир А.И. и КФХ Барбалат А.А. Ихтиопатологическое состояние рыбопосадочного материала было заверено ветеринарными свидетельствами."}, "tunes": {"align": {"alignment": "left"}}}, {"id": "jbJIP7Jcyn", "type": "paragraph", "data": {"text": "В мероприятиях приняли участие сотрудники Министерства сельского хозяйства и природных ресурсов ПМР, Государственной службы экологического контроля и охраны окружающей среды ПМР, представители рыбохозяйственных организаций, съемочные группы Приднестровской государственной телерадиокомпании (ТВ ПМР) и Телевидения Свободного Выбора (ТВ ТСВ)."}, "tunes": {"align": {"alignment": "left"}}}, {"id": "HWGkBSk1A7", "type": "image", "data": {"file": {"url": "/api/next/images-worker.php?Material-UID=Qi4INhJ3y&Material-Image=1"}, "caption": "", "withBorder": false, "stretched": false, "withBackground": false}}, {"id": "mqScNtnTOr", "type": "image", "data": {"file": {"url": "/api/next/images-worker.php?Material-UID=Qi4INhJ3y&Material-Image=2"}, "caption": "", "withBorder": false, "stretched": false, "withBackground": false}}, {"id": "mAZKufY7VH", "type": "image", "data": {"file": {"url": "/api/next/images-worker.php?Material-UID=Qi4INhJ3y&Material-Image=3"}, "caption": "", "withBorder": false, "stretched": false, "withBackground": false}}, {"id": "6tPGAes42E", "type": "image", "data": {"file": {"url": "/api/next/images-worker.php?Material-UID=Qi4INhJ3y&Material-Image=4"}, "caption": "", "withBorder": false, "stretched": false, "withBackground": false}}, {"id": "mjjYdD5UZx", "type": "image", "data": {"file": {"url": "/api/next/images-worker.php?Material-UID=Qi4INhJ3y&Material-Image=5"}, "caption": "", "withBorder": false, "stretched": false, "withBackground": false}}, {"id": "zMwNLTBiHD", "type": "image", "data": {"file": {"url": "/api/next/images-worker.php?Material-UID=Qi4INhJ3y&Material-Image=6"}, "caption": "", "withBorder": false, "stretched": false, "withBackground": false}}, {"id": "g8DlnhUmzP", "type": "image", "data": {"file": {"url": "/api/next/images-worker.php?Material-UID=Qi4INhJ3y&Material-Image=7"}, "caption": "", "withBorder": false, "stretched": false, "withBackground": false}}, {"id": "FGOYZWgOh6", "type": "image", "data": {"file": {"url": "/api/next/images-worker.php?Material-UID=Qi4INhJ3y&Material-Image=8"}, "caption": "", "withBorder": false, "stretched": false, "withBackground": false}}, {"id": "CJYhKjTVaX", "type": "image", "data": {"file": {"url": "/api/next/images-worker.php?Material-UID=Qi4INhJ3y&Material-Image=9"}, "caption": "", "withBorder": false, "stretched": false, "withBackground": false}}, {"id": "nqNVKG65", "type": "image", "data": {"file": {"url": "/api/next/images-worker.php?Material-UID=Qi4INhJ3y&Material-Image=10"}, "caption": "", "withBorder": false, "stretched": false, "withBackground": false}}, {"id": "w5bIcXe5Pv", "type": "image", "data": {"file": {"url": "/api/next/images-worker.php?Material-UID=Qi4INhJ3y&Material-Image=11"}, "caption": "", "withBorder": false, "stretched": false, "withBackground": false}}, {"id": "6IQ5PROqzc", "type": "image", "data": {"file": {"url": "/api/next/images-worker.php?Material-UID=Qi4INhJ3y&Material-Image=12"}, "caption": "", "withBorder": false, "stretched": false, "withBackground": false}}, {"id": "T1DNKIOy37", "type": "image", "data": {"file": {"url": "/api/next/images-worker.php?Material-UID=Qi4INhJ3y&Material-Image=13"}, "caption": "", "withBorder": false, "stretched": false, "withBackground": false}}, {"id": "hdqQru8Ygi", "type": "image", "data": {"file": {"url": "/api/next/images-worker.php?Material-UID=Qi4INhJ3y&Material-Image=14"}, "caption": "", "withBorder": false, "stretched": false, "withBackground": false}}]}