{"title": "По результатам конкурса:", "time": 1633381200000, "version": "119317", "blocks": [{"id": "zZNMLpxiPH", "type": "header", "data": {"text": "По результатам конкурса:", "level": 1}, "tunes": {"align": {"alignment": "left"}}}, {"id": "3UGQY2lEZ", "type": "paragraph", "data": {"text": "28 сентября 2021 года в Министерстве сельского хозяйства и природных ресурсов ПМР проведен конкурс на замещение вакантной должности главного специалиста (по природопользованию) Управления сельского хозяйства, природных ресурсов и экологии по г.Тирасполь и г.Днестровск государственной гражданской службы ПМР. На участие в конкурсе поступили заявки от двух кандидатов. По итогам конкурса победителем признана Завати Е.В."}, "tunes": {"align": {"alignment": "left"}}}]}